,ABVP_FT,ABVP_PT,ABVT_FT,ABVT_PT,ACLAM_FT,ACLAM_PT,ACPV_FT,ACPV_PT,ACT_FT,ACT_PT,ACVAA_FT,ACVAA_PT,ACVB_FT,ACVB_PT,ACVCP_FT,ACVCP_PT,ACVD_FT,ACVD_PT,ACVECC_FT,ACVECC_PT,ACVIM_CARD_FT,ACVIM_CARD_PT,ACVIM_INTMET_FT,ACVIM_INTMET_PT,ACVIM_LA_FT,ACVIM_LA_PT,ACVIM_NEUR_FT,ACVIM_NEUR_PT,ACVIM_ONC_FT,ACVIM_ONC_PT,ACVM_FT,ACVM_PT,ACVN_FT,ACVN_PT,ACVO_FT,ACVO_PT,ACVPM_FT,ACVPM_PT,ACVP_FT,ACVP_PT,ACVR_FT,ACVR_ONC_FT,ACVR_ONC_PT,ACVR_PT,ACVSMR_FT,ACVSMR_PT,ACVS_FT,ACVS_PT,ACZM_FT,ACZM_PT,AVDC_FT,AVDC_PT,address,arthroscopy,avg_daily_ER_cases,avg_daily_cases,avg_daily_inpatient_cases,avg_daily_outpatient_cases,avg_daily_surgeries,avg_num_interns_completed_past_5_years,avg_num_interns_started_past_5_years,basic_clinical_laboratory_equipment,blood_gas_analysis,blood_pressure_monitoring,bone_plating_equipment,complex_cases,computer_with_internet,contact,contact_email,ct_scan,current_medical_textbooks,daily_patient_rounds,daytime_primary_emergency,diagnostic_laboratory,digital_radiography,direct_supervision_percentage,echocardiography,elective_time,electrocardiography,endoscopy,faculty_support,fax,financial_support_for_meeting,first_opinion,first_opinion_clinics,formal_orientation_required,icu,laparoscopy,mri,name,nuclear_medicine,num_interns_accepted_residency_past_5_years,num_interns_applied_residency_past_5_years,number_of_positions,orientation_manual,overnight_primary_emergency,phone,physical_therapy_equipment,presentation,primary_surgeon,professional_meeting_opportunity,program_categories,program_details_url,publication_requirement,resident_support,salary,satellite_clinic,search_engines,tech_assigned_to_ER,tech_assigned_to_ICU,tech_direct_support,total_annual_cases,ultrasound,vet_mentor,weekly_teaching_rounds,written_evals
0,1,,,,,,,,,,,,,,,,,,,,,,,1,,,,,,,,,,,,1,,,,,,,,,,,,,,,,,"2809 W 16th ave, Vancouver, British Columbia V6K 3C5, Canada",Yes,0.1,8-12,1,10-12,1,1,1,Yes,No,Yes,No,No,Yes, Uri Burstyn ,arbutuswestac@gmail.com,No,Yes,No,0,Yes,Yes,70,Yes,0,Yes,Yes,1,604-736-7770,Yes,Yes,30,No,No,Yes,No,Arbutus West Animal Clinic,No,0,0,1,No,0,604-736-6701,Yes,Yes,Yes,Yes,"['EXOTIC/WILDLIFE/ZOO', 'SMALL ANIMAL MEDICINE/SURGERY', 'OTHER']",https://www.virmp.org/Program/Detail/9673,No,0,35000.0,0,Yes,0,0,1,1500,Yes,Yes,Yes,No
1,,1,,,,,,,,,,,,,,,,,,,,,,,,,,,,,,,,,,2,,,,,,,,2,,,,1,,,,,"3832 Monroe Road, Charlotte, North Carolina 28205, United States",No,24,100,8,80,5,4,4,Yes,Yes,Yes,Yes,Yes,Yes," Dr. Richard M. Coe, Jr. ",akemp@animalmedical.net,No,Yes,No,25,Yes,Yes,75,Yes,5,Yes,No,12,(704) 358-3564,Yes,Yes,100,Yes,Yes,No,No,Animal Medical Hospital,No,1,2,5,Yes,20,(704) 334-4684,No,Yes,Yes,Yes,"['EMERGENCY MEDICINE/CRITICAL CARE', 'SMALL ANIMAL MEDICINE/SURGERY', 'SMALL ANIMAL INTERNAL MEDICINE']",https://www.virmp.org/Program/Detail/9760,No,0,35000.0,0,Yes,1,1,6,36500,Yes,Yes,Yes,Yes
2,1,1,,,,,,,,,1,,,,2,,,,5,,3,,8,,,,3,,3,,,,,,1,,,,2,,2,1,,,,,5,,,,,1,"510 East 62nd Street, New York, New York 10065, United States",Yes,45,145,50,125,10,20,20,Yes,Yes,Yes,Yes,Yes,Yes, Tanesha Jackson ,education@amcny.org,Yes,Yes,Yes,20,Yes,Yes,80,Yes,10,Yes,Yes,41,212-308-2358,No,Yes,0,Yes,Yes,Yes,Yes,The Animal Medical Center,No,72,76,25,Yes,5,212-329-8614,Yes,Yes,Yes,No,"['AVIAN', 'EMERGENCY MEDICINE/CRITICAL CARE', 'SMALL ANIMAL MEDICINE/SURGERY', 'SMALL ANIMAL SURGERY', 'ONCOLOGY', 'NEUROLOGY', 'CARDIOLOGY', 'SMALL ANIMAL INTERNAL MEDICINE', 'DERMATOLOGY', 'DIAGNOSTIC IMAGING AND RADIOLOGY', 'SPORTS MEDICINE AND REHABILITATION', 'PATHOLOGY/CLINICAL PATHOLOGY', 'OPHTHALMOLOGY']",https://www.virmp.org/Program/Detail/10353,No,25,27260.0,0,Yes,2,3,80,51000,Yes,Yes,Yes,Yes
3,,,,,,,,,,,,,,,,,1,,4,,2,,2,,,,1,,1,,,,,,,,,,,,2,,,,,,,,,,2,,"1163 Helmo Ave. North, Oakdale, Minnesota 55128, United States",Yes,25,43,15,28,4,3,3,Yes,Yes,Yes,Yes,Yes,Yes," Sarah Humphrey, DVM, DACVECC ",sarahhumphrey1112@gmail.com,Yes,Yes,Yes,27,Yes,Yes,100,Yes,7,Yes,Yes,29,651-501-3763,Yes,Yes,15,Yes,Yes,Yes,Yes,Animal Emergency and Referral Center of Minnesota,Yes,,,4,Yes,7,651-501-3766,Yes,Yes,Yes,Yes,"['EMERGENCY MEDICINE/CRITICAL CARE', 'SMALL ANIMAL MEDICINE/SURGERY']",https://www.virmp.org/Program/Detail/10334,No,0,28000.0,12,Yes,4,3,60,16104,Yes,Yes,Yes,Yes
4,1,1,,,,,,,,,2,,,,,,,,4,,3,,4,3,,,3,1,1,,,,,1,2,1,,,2,,2,1,,,,,4,,,,1,,"350 South Huntington Avenue, Boston, Massachusetts 02130, United States",Yes,62,212,59,153,20,16,16,Yes,Yes,Yes,Yes,Yes,Yes," Megan Whelan DVM, DACVECC, CVA ",alowery@mspca.org,Yes,Yes,Yes,60,Yes,Yes,98,Yes,15,Yes,Yes,55,617-522-0733,No,Yes,95,Yes,Yes,Yes,Yes,Angell Animal Medical Center,Yes,51,63,19,Yes,15,781-522-7282,Yes,Yes,Yes,No,['SMALL ANIMAL MEDICINE/SURGERY'],https://www.virmp.org/Program/Detail/9619,No,14,30500.0,0,Yes,6,3,89,77629,Yes,Yes,Yes,Yes
5,,,,,,,,,,,,,,1,,,,3,,,,1,5,,,,2,,1,1,,,,,,3,,,,,2,1,,,,,6,,,,,1,"9905 South US Hwy 17-92, Maitland, Florida 32751, United States",Yes,5,40,25,35,8,2,2,Yes,Yes,Yes,Yes,Yes,Yes," Kara L. Fiore, DVM, DACVS ",vet@AVSspecialists.com,Yes,Yes,Yes,0,Yes,Yes,80,Yes,2,Yes,Yes,18,407-478-3608,No,No,0,Yes,Yes,Yes,Yes,Affiliated Veterinary Specialists,Yes,,,3,Yes,0,407-644-1287,Yes,Yes,No,Yes,['SMALL ANIMAL MEDICINE/SURGERY'],https://www.virmp.org/Program/Detail/10400,No,4,26000.0,0,Yes,0,0,22,12000,Yes,Yes,Yes,Yes
6,1,,,,,,,,,,,,,,,,,1,,,1,,1,1,,,,,1,,,,,,,,,,,,,,,,,,1,,,,1,1,"414 E. Carrillo Street, Santa Barbara, California 93101, United States",Yes,10,33,15,20,5,0,0,Yes,Yes,Yes,Yes,Yes,Yes," Andrea Wells, DVM, DACVIM ",JanetW@AVS4pets.com,Yes,Yes,Yes,60,Yes,Yes,90,Yes,10,Yes,Yes,11,805-965-8387,Yes,Yes,0,Yes,Yes,Yes,No,Advanced Veterinary Specialists,No,0,0,4,Yes,40,805-729-4460,No,Yes,Yes,Yes,['SMALL ANIMAL MEDICINE/SURGERY'],https://www.virmp.org/Program/Detail/10302,No,0,50000.0,5,Yes,2,2,3,12045,Yes,Yes,Yes,Yes
7,,,,,,,,,,,,,,,,,,1,,,3,,3,,,,2,,1,,,,,,1,,,,,,1,,,,,,1,,,,,,"Previously BluePearl Hope Advanced Veterinary Center, 1 Taft Ct, Rockville, Maryland 20850, United States",Yes,14,40,8,32,3,0,1,Yes,Yes,Yes,Yes,No,Yes, Craig Randolph ,Craig.randolph@bluepearlvet.com,Yes,Yes,No,0,Yes,Yes,100,Yes,10,Yes,Yes,15,301-795-0145,No,Yes,0,Yes,Yes,Yes,Yes,BluePearl Veterinary Partners DC Metro,Yes,0,0,2,Yes,50,301-637-3228,Yes,Yes,No,Yes,['SMALL ANIMAL MEDICINE/SURGERY'],https://www.virmp.org/Program/Detail/10180,No,0,30500.0,0,Yes,1,1,12,17000,Yes,Yes,Yes,Yes
8,,,,,,,,,,,,,,,,,,,,,,,2,,,,,,,,,,,,,,,,,,,,,,,,1,1,,,,,"1591 Winchester Road, Suite 106, Lexington, Kentucky 40505, United States",No,15-20,30-40,10-12,20,3,3,3,Yes,Yes,Yes,Yes,Yes,Yes, Antu Radhakrishnan ,bgvs01@yahoo.com,Yes,Yes,Yes,10,Yes,Yes,100,Yes,12,Yes,Yes,10,859-335-8635,Yes,Yes,5,Yes,Yes,Yes,No,Bluegrass Veterinary Specialists + Animal Emergency,No,1,1,4,Yes,25,859-268-7604,Yes,Yes,Yes,Yes,"['EMERGENCY MEDICINE/CRITICAL CARE', 'SMALL ANIMAL MEDICINE/SURGERY', 'SMALL ANIMAL SURGERY', 'SMALL ANIMAL INTERNAL MEDICINE', 'SPORTS MEDICINE AND REHABILITATION']",https://www.virmp.org/Program/Detail/9780,No,0,35000.0,0,Yes,3,3,12,15000,Yes,Yes,Yes,Yes
9,,,,,,,,,,,,,,,,,,,2,2,,,1,,,,,,,,,,,,,,,,,,,,,,,,2,,,,,,"4224 Northern Pike, Monroeville, Pennsylvania 15146, United States",Yes,32,42,7,35,2,2,2,Yes,Yes,Yes,Yes,Yes,Yes, Breahna Schilke ,hr@avets.com,Yes,Yes,Yes,38,Yes,Yes,100,Yes,4,Yes,Yes,19,412-373-6101,Yes,Yes,0,Yes,Yes,Yes,Yes,Avets,No,1,1,2,Yes,12,412-373-4650,Yes,Yes,Yes,Yes,"['EMERGENCY MEDICINE/CRITICAL CARE', 'SMALL ANIMAL MEDICINE/SURGERY']",https://www.virmp.org/Program/Detail/9687,No,3,33000.0,0,Yes,2,1,18,15354,Yes,Yes,Yes,Yes
10,,,,,,,,,2,,2,,,,3,,2,,3,,2,,4,,,,2,,2,,,,,,3,,,,2,,5,2,,,,,3,,,,,,"Dept. of Clinical Sciences, College of Veterinary Medicine, Auburn, Alabama 36849-5540, United States",Yes,5-15,60,100,25-35,6-10,5,5,Yes,Yes,Yes,Yes,Yes,Yes," Fred Caldwell, DVM ",,Yes,Yes,Yes,13,Yes,Yes,85,Yes,12,Yes,Yes,38,334-844-5084,No,Yes,4,Yes,Yes,Yes,Yes,Auburn University,Yes,,,6,No,20,334-844-5045,Yes,Yes,No,Yes,['SMALL ANIMAL MEDICINE/SURGERY'],https://www.virmp.org/Program/Detail/9696,No,24,25000.0,0,Yes,1,1,25,16000,Yes,Yes,Yes,Yes
11,,,,,,,,,1,,3,,,,,,,1,,,1,,4,,,,,1,,1,1,,,,,1,,,7,,,,,2,,,3,,,,,,"550 University Avenue, Atlantic Veterinary College, Charlottetown, Prince Edward Island C1A 4P3, Canada",Yes,5,20,9,15,6,5,5,Yes,Yes,Yes,Yes,Yes,Yes, Dr. Christine Savidge ,fisher@upei.ca,Yes,Yes,Yes,30,Yes,Yes,60,Yes,5,Yes,Yes,26,(902)628-4316,No,Yes,0,Yes,Yes,Yes,Yes,"Atlantic Veterinary College, University of Prince Edward Island",No,14,16,6,Yes,16,(902)566-0870,No,Yes,No,Yes,['SMALL ANIMAL MEDICINE/SURGERY'],https://www.virmp.org/Program/Detail/9802,No,4,25750.0,0,Yes,1,2,24,4752,Yes,Yes,Yes,Yes
12,,,,,,,,,,,,,,,,,,,,,2,,2,,,,2,,,,,,,,,,,,,,,,,1,,,1,,,,,,"3250 Veterans Memorial Highway, Bohemia, New York 11716, United States",Yes,15,35,7,30,4,5,5,Yes,Yes,Yes,Yes,Yes,Yes, Dar Ozer ,internship@atlanticcoastvet.com,Yes,Yes,Yes,25,Yes,Yes,75,Yes,2,Yes,Yes,7,631-285-7781,Yes,Yes,25,Yes,Yes,Yes,Yes,Atlantic Coast Veterinary Specialists,No,5,11,6,Yes,30,631-285-7780,Yes,Yes,Yes,Yes,['SMALL ANIMAL MEDICINE/SURGERY'],https://www.virmp.org/Program/Detail/10074,No,3,35000.0,0,Yes,2,1,15,20000,Yes,Yes,Yes,Yes
13,,1,,,,,,,,,,,,,,,,,1,,,1,3,1,,,1,,1,,,,,,,,,,,,,,,2,,,3,,,,,,"104 S Main St, Longmont, Colorado 80501, United States",Yes,8,24,8,12,8,1,1,Yes,Yes,Yes,Yes,Yes,Yes," Kelly Monaghan, DVM, DACVIM ",kmonaghan@alpenglowvets.com,Yes,Yes,Yes,50,Yes,Yes,90,Yes,15,Yes,Yes,8,(303) 678-8855,No,Yes,0,Yes,Yes,Yes,Yes,Aspen Meadow Veterinary Specialists,No,0,1,1,No,0,(303) 678-8844,Yes,Yes,No,No,['SMALL ANIMAL MEDICINE/SURGERY'],https://www.virmp.org/Program/Detail/10318,No,0,27500.0,0,Yes,3,2,16,9600,Yes,Yes,No,Yes
14,,,,,,,,,,,,,,,,,,,,,,1,1,,,,,,,,,,,,,,,,,,,,,1,,,1,1,,,,,"424 E 92nd Street, NY, New York 10128, United States",No,30,51,22,20,10,6,6,Yes,Yes,Yes,Yes,Yes,Yes, Michelle Albino ,AAHinternship@aspca.org,No,Yes,Yes,20,Yes,Yes,80,Yes,0,Yes,Yes,16,212-876-2835,No,Yes,20,Yes,Yes,No,No,ASPCA Animal Hospital,No,4,4,6,Yes,0,212-876-7700,No,No,Yes,Yes,['SMALL ANIMAL MEDICINE/SURGERY'],https://www.virmp.org/Program/Detail/10322,No,0,40000.0,0,Yes,2,2,36,20191,Yes,Yes,Yes,Yes
15,,,,,,,,,,,,,,,,1,,1,,,,1,1,,,,,1,,1,,,,,,1,,,,,,,,,,,1,,,,,,"7951 Gainsford Ct #115, Bristow, Virginia 20136, United States",No,10,10,5,6,2,0,1,Yes,Yes,Yes,Yes,Yes,Yes, Michael Donovan ,mjdonovan@artemisvess.com,Yes,Yes,No,60,Yes,Yes,85,Yes,5,Yes,No,4,703-722-0704,Yes,Yes,0,Yes,Yes,No,Yes,Artemis Veterinary Emergency and Specialty Services,No,,,4,Yes,40,703-722-9159,No,Yes,Yes,Yes,"['EMERGENCY MEDICINE/CRITICAL CARE', 'SMALL ANIMAL MEDICINE/SURGERY']",https://www.virmp.org/Program/Detail/10317,No,0,35000.0,20,Yes,2,1,6,3400,Yes,Yes,Yes,Yes
16,,,,,,,,,,,,1,,,,,2,,2,,1,,1,1,,,5,,1,,,,,,1,,,,,,1,1,,,,,5,,,,2,,"86 West Juniper Avenue, Gilbert, Arizona 85233, United States",Yes,120,120,26,95,7,7,7,Yes,Yes,Yes,Yes,Yes,Yes, Katherine F Smith DVM DACVECC ,holly.dougherty@azervets.com,Yes,Yes,Yes,50,Yes,Yes,90,Yes,11,Yes,Yes,47,480-497-9575,Yes,Yes,25,Yes,Yes,Yes,Yes,Arizona Veterinary Emergency & Critical Care Center / BluePearl Veterinary Partners Arizona,Yes,4,8,8,Yes,25,480-497-0222,Yes,Yes,Yes,Yes,"['EMERGENCY MEDICINE/CRITICAL CARE', 'SMALL ANIMAL MEDICINE/SURGERY']",https://www.virmp.org/Program/Detail/9746,No,5,38000.0,25,Yes,5,2,35,44022,Yes,Yes,Yes,Yes
17,,,,,,,,,,,1,,,,,,2,,8,,1,,7,,,,1,,4,,,,,,1,,,,,,2,1,,,,,7,,,,,,"410 West 55th Street, New York, New York 10019, United States",Yes,60,156,48,101,22,16,16,Yes,Yes,Yes,Yes,Yes,Yes," Philippa Pavia, VMD, DACVS-SA ",philippa.pavia@bluepearlvet.com,Yes,Yes,Yes,12,Yes,Yes,100,Yes,7,Yes,Yes,54,212-767-0098,No,Yes,23,Yes,Yes,Yes,Yes,BluePearl Veterinary Partners New York,Yes,28,37,21,Yes,11,212-767-0099,Yes,Yes,No,Yes,['SMALL ANIMAL MEDICINE/SURGERY'],https://www.virmp.org/Program/Detail/9736,No,2,37500.0,0,Yes,10,7,110,57000,Yes,Yes,Yes,Yes
18,,,,,,,,,,,,,,,,,1,,2,,,,2,,,,,,1,,,,,,,3,,,,,2,,,,,,2,,,,,,"3020 Mallory Lane, Franklin, Tennessee 37027, United States",Yes,20,60,20,50,8,3,3,Yes,Yes,Yes,Yes,Yes,Yes, Andrea Monnig ,andrea.yuro@bluepearlvet.com,Yes,Yes,Yes,14,Yes,Yes,100,Yes,14,Yes,Yes,14,813-549-5733,Yes,Yes,28,Yes,Yes,Yes,No,BluePearl Veterinary Partners Nashville,No,3,6,5,Yes,14,615-333-1212,No,Yes,No,Yes,['SMALL ANIMAL MEDICINE/SURGERY'],https://www.virmp.org/Program/Detail/9922,No,0,30500.0,0,Yes,2,2,19,17000,Yes,Yes,Yes,Yes
19,,,,,,,,,,,,,,,,,,,2,,,,2,,,,1,,,,,,,,1,,,,,,1,,,,,,4,,,,1,2,"7717 Flying Cloud Dr, Eden Prarie, Minnesota 55344, United States",Yes,0,30-50,15-30,20-40,4-9,0,0,Yes,Yes,Yes,Yes,Yes,Yes," Alyssa Mourning, DVM DACVIM ",alyssa.mourning@bluepearlvet.com,Yes,Yes,Yes,15,Yes,Yes,90,Yes,25,Yes,Yes,0,952-942-8272,Yes,Yes,0,Yes,Yes,Yes,Yes,BluePearl Veterinary Partners Minnesota,No,0,0,3,Yes,0,952-942-8272,No,Yes,No,Yes,['SMALL ANIMAL MEDICINE/SURGERY'],https://www.virmp.org/Program/Detail/9748,No,0,30500.0,5,Yes,2,5,48,12000,Yes,Yes,Yes,Yes
20,,,,,,,,,,,,,,,,,1,,2,1,1,1,3,,,,,1,1,1,,,,,2,1,,,,,1,,,,,,2,,,,,,"29080 Inkster Road , Southfield, Michigan 48034, United States",Yes,20,70,15,60,5,6,6,Yes,Yes,Yes,Yes,Yes,Yes," Sarah E. Achen, DVM, DACVIM (Cardiology) ",sarah.achen@bluepearlvet.com,Yes,Yes,Yes,10,Yes,Yes,95,Yes,12,Yes,Yes,22,248-354-0303,No,Yes,45,Yes,Yes,Yes,Yes,BluePearl Veterinary Partners Michigan (SF),Yes,3,12,4,Yes,36,248-354-6660,Yes,Yes,No,Yes,['SMALL ANIMAL MEDICINE/SURGERY'],https://www.virmp.org/Program/Detail/9694,No,2,30500.0,0,Yes,3,3,30,25000,Yes,Yes,Yes,Yes
21,,,,,,,,,,,,,,,,,,1,,2,,,2,,,,,,1,,,,,,1,1,,,,,,,,1,,,2,,,,,," 1425 Michigan Street NE, Suite F , Grand Rapids, Michigan 49503, United States",Yes,22,51,9,42,3,3,3,Yes,Yes,Yes,Yes,No,Yes," Amber D. Binoniemi, DVM ",amber.binoniemi@bluepearlvet.com,Yes,Yes,Yes,7,Yes,Yes,80,Yes,12,Yes,Yes,11,616-284-5320,No,Yes,40,Yes,Yes,Yes,Yes,BluePearl Veterinary Partners Michigan (GR),Yes,,,6,Yes,35,616-284-5300,Yes,Yes,No,Yes,['SMALL ANIMAL MEDICINE/SURGERY'],https://www.virmp.org/Program/Detail/10021,No,0,30500.0,16,Yes,3,2,21,18336,Yes,Yes,Yes,Yes
22,,,,,,,,,,,,,,,,,,,2,,1,1,1,,,,3,,2,1,,,,,,,,,1,,2,,,1,,,5,,,,3,,"Seattle Veterinary Specialists - BluePearl Veterinary Partners Washington, 11814 115th Ave. NE, Bldg. J, Kirkland, Washington 98034, United States",Yes,10-15,55,35,35,7-9,5,5,Yes,Yes,Yes,Yes,Yes,Yes, Dr. Kelly Blackstock ,kelly.blackstock@bluepearlvet.com,Yes,Yes,Yes,20,Yes,Yes,80,Yes,10,Yes,Yes,30,425-823-4008,No,Yes,40,Yes,Yes,Yes,Yes,BluePearl Veterinary Partners Kirkland,No,4,8,7,Yes,30,425-823-9111,Yes,Yes,No,Yes,['SMALL ANIMAL MEDICINE/SURGERY'],https://www.virmp.org/Program/Detail/9955,No,1,30500.0,10,Yes,5,4,30,9000,Yes,Yes,Yes,Yes
23,,,,,,,,,,,,,,,,,1,1,,,1,,3,,,,,,,,,,,,1,,,,1,,,,,2,,,1,1,,,,,"13160 Magisterial Drive, Louisville, Kentucky 40223, United States",No,20-25,60-90,15-20,50-70,2-6,4,4,Yes,Yes,Yes,Yes,Yes,Yes, William Baker ,william.baker@bluepearlvet.com,Yes,Yes,Yes,40,Yes,Yes,95,Yes,5,Yes,Yes,16,502-244-3046,No,Yes,55,Yes,Yes,Yes,Yes,BluePearl Veterinary Partners Kentucky,No,4,6,5,Yes,0,502-244-3036,Yes,Yes,No,Yes,['SMALL ANIMAL MEDICINE/SURGERY'],https://www.virmp.org/Program/Detail/9670,No,2,30500.0,0,Yes,4,2,40,28000,Yes,Yes,Yes,Yes
24,,,,,,,,,,,,,,,,,1,,2,,2,,5,1,,,2,,2,,,,1,,3,,,,,,2,1,,,,,8,,,,,,"Blue Pearl - Georgia Veterinary Specialists, 455 Abernathy Rd NE, Atlanta, Georgia 30328, United States",Yes,62,180,57,120,13,9,9,Yes,Yes,Yes,Yes,Yes,Yes, Jean Sonnenfield DPhil DVM ,gainterncommittee@bluepearlvet.com,Yes,Yes,Yes,17,Yes,Yes,100,Yes,10,Yes,Yes,45,404-459-6462,Yes,Yes,20,Yes,Yes,Yes,Yes,BluePearl Veterinary Partners Georgia,Yes,15,18,10,Yes,13,404-459-0903,No,Yes,Yes,Yes,['SMALL ANIMAL MEDICINE/SURGERY'],https://www.virmp.org/Program/Detail/9743,No,1,30500.0,16,Yes,2,5,79,66000,Yes,Yes,Yes,Yes
25,,1,,,,,,,,,,,,,,,1,,3,,2,,3,2,,,1,,1,,,,,,3,,,,,,1,,,,0,,4,,,,,,"3000 Busch Lake Blvd., Tampa, Florida 33614, United States",Yes,42,120-160,25-65,85-115,5-12,15,15,Yes,Yes,Yes,Yes,Yes,Yes," Peter Helmer, DVM ",peter.helmer@bluepearlvet.com,Yes,Yes,Yes,12,Yes,Yes,95,Yes,14,Yes,Yes,62,813-549-5733,No,Yes,44,Yes,Yes,Yes,Yes,BluePearl Veterinary Partners Florida,Yes,20,30,20,Yes,15,813-933-8944,Yes,Yes,No,Yes,['SMALL ANIMAL MEDICINE/SURGERY'],https://www.virmp.org/Program/Detail/9713,No,8,30500.0,30,Yes,10,2,50,59000,Yes,Yes,Yes,Yes
26,,,,,,,,,,,,,,,,,,,1,,,1,,,,,,1,,,,,,,,,,,,,,,,,,,,,,,,,"6900 Congress Avenue, Boca Raton, Florida 33487, United States",No,15-30,75,10,60,3,0,0,Yes,Yes,Yes,No,Yes,Yes, Mark Morrison ,markm@cvcboca.com,No,Yes,No,45,Yes,Yes,80,Yes,20,No,Yes,10,561-999-3030,Yes,Yes,10,Yes,Yes,No,No,Calusa Veterinary Center,No,0,0,1,No,20,561-999-3000,Yes,Yes,Yes,Yes,"['EMERGENCY MEDICINE/CRITICAL CARE', 'SMALL ANIMAL MEDICINE/SURGERY', 'COMMUNITY PRACTICE']",https://www.virmp.org/Program/Detail/10427,Yes,1,40000.0,5,Yes,2,1,6,26000,Yes,Yes,No,Yes
27,,,,,,,,,,,,,,,,,,,1,,,,1,,,,,,1,,,,,,1,,,,,,1,1,,,,,2,,,,,,"2310 Faraday Ave, Carlsbad, California 92008, United States",Yes,10,15,15,10,8,3,3,Yes,Yes,Yes,Yes,Yes,Yes, Kimberly Boyle DVM DACVECC ,kboyledvm@gmail.com,Yes,Yes,Yes,50,Yes,Yes,100,No,5,Yes,Yes,13,(760)431-1084,Yes,Yes,50,Yes,Yes,Yes,Yes,"California Veterinary Specialists, Carlsbad",Yes,1,1,3,Yes,50,(760)431-2273,No,Yes,Yes,Yes,['SMALL ANIMAL MEDICINE/SURGERY'],https://www.virmp.org/Program/Detail/10428,No,0,42500.0,0,Yes,3,1,15,10000,Yes,Yes,Yes,Yes
28,,,,,,,,,,,,,,,,,,1,1,,1,,2,1,,,1,,2,,,,,,1,,,,,,2,1,,,,,1,,,,,1,"39809 Avenida Acacias #E, Murrieta, California 92563, United States",Yes,30,50,20,40,5,3,4,Yes,Yes,Yes,Yes,Yes,Yes, Amy Carr DVM DACVECC ,erdvms@aol.com,Yes,Yes,Yes,30,Yes,Yes,100,Yes,4,Yes,Yes,12,951-600-7758,Yes,Yes,30,Yes,Yes,Yes,Yes,California Veterinary Specialists,No,3,3,5,Yes,0,760-431-2273,No,Yes,Yes,Yes,['SMALL ANIMAL MEDICINE/SURGERY'],https://www.virmp.org/Program/Detail/9773,No,1,42500.0,5,Yes,3,3,10,13500,Yes,Yes,Yes,Yes
29,,,,,,,,,,,,,,,,,,,,,,,2,,,,,,1,,,,,,,,,,,,,,,1,,,1,,,,,,"200 Commerce St., Williston, Vermont 05495, United States",Yes,30,50,10,40,2,2,2,Yes,Yes,Yes,Yes,Yes,Yes," Bryan Harnett, DVM, DACVIM ",vvim@vvim.com,Yes,Yes,Yes,50,Yes,Yes,100,Yes,0,Yes,Yes,10,(802)863-2348,Yes,Yes,50,Yes,Yes,Yes,No,Burlington Emergency and Veterinary Specialists (BEVS),Yes,2,2,2,Yes,0,(802)863-2387,Yes,Yes,No,Yes,['SMALL ANIMAL MEDICINE/SURGERY'],https://www.virmp.org/Program/Detail/10408,No,0,2300.0,0,Yes,4,2,20,20000,Yes,Yes,Yes,Yes
30,,,,,,,,,,,,,,,,,1,,1,,1,,4,,,,1,,1,,,,,,,,,,,,,,,,,,4,,,,,,"11950 West 110th Street, Overland Park, Kansas 66210, United States",Yes,40,20-50,7-20,20-30,3-9,2,2,Yes,No,Yes,Yes,Yes,Yes," Heather Towle Millard, DVM, MS, DACVS ",heather.millard@bluepearlvet.com,Yes,Yes,Yes,4,Yes,Yes,95,Yes,35,Yes,Yes,34,913-381-0421,Yes,Yes,0,Yes,Yes,Yes,No,BluePearl Veterinary Partners-Kansas City,No,1,1,3,Yes,54,913-642-9563,Yes,Yes,No,Yes,['SMALL ANIMAL MEDICINE/SURGERY'],https://www.virmp.org/Program/Detail/9738,No,0,30500.0,7,Yes,7,4,43,25880,Yes,Yes,Yes,Yes
31,,,,,,,,,,,,,,,,,3,,2,,1,,3,,,,,,1,,,,,,2,,,,,,,,,,,,1,,,,,,"BluePearl Veterinary Partners Greenbrier, 1100 Eden Way N., Suite 101B, Chesapeake, Virginia 23320, United States",Yes,39,40 - 42,26,39,10 - 15,4,4,Yes,Yes,Yes,Yes,Yes,Yes," William G. Brewer, Jr., DVM ",william.brewer@bluepearlvet.com,Yes,Yes,Yes,50,Yes,Yes,95,Yes,5,Yes,Yes,30,757-366-9582,No,Yes,40,Yes,Yes,Yes,Yes,BluePearl Veterinary Partners Virginia/Greenbrier Veterinary Referral Center,Yes,7,10,6,Yes,5,757-366-9000,Yes,Yes,No,Yes,"['EMERGENCY MEDICINE/CRITICAL CARE', 'SMALL ANIMAL MEDICINE/SURGERY']",https://www.virmp.org/Program/Detail/9804,No,0,32500.0,0,Yes,2,2,25,15500,Yes,Yes,Yes,Yes
32,,1,,,,,,,,,1,,,,,,1,,3,,,,3,,,,1,,1,,,,,,1,,,,,,,,,,,,3,,,,,,"BluePearl North Houston- Spring, 1646 Spring Cypress Rd., Suite 100, Spring, Texas 77388, United States",Yes,15,55,25,40,6-8,5,5,Yes,Yes,Yes,Yes,Yes,Yes," Lauren Cunningham DVM, DACVIM ",Lauren.cunningham@bluepearlvet.com,Yes,Yes,No,30,Yes,Yes,90,Yes,10,Yes,Yes,15,832-616-5001,No,Yes,0,Yes,Yes,Yes,Yes,BluePearl Veterinary Partners Spring,No,2,5,6,Yes,10,832-616-5000,No,Yes,No,Yes,['SMALL ANIMAL MEDICINE/SURGERY'],https://www.virmp.org/Program/Detail/9751,No,0,31000.0,0,Yes,2,2,12,15000,Yes,Yes,Yes,Yes
33,,1,,,,,,,,,,,,,,,,,3,,,,3,,,,,,2,,,,,,2,,,,,,1,,,,,,4,1,,,,,"503 E. Sonterra Blvd., Suite #102, San Antonio, Texas 78258, United States",Yes,8,55,45,25,12,3,3,Yes,Yes,Yes,Yes,Yes,Yes, Bradley Book ,bradbookdvm@yahoo.com,Yes,Yes,Yes,25,Yes,Yes,90,Yes,15,Yes,Yes,20,210-930-8040,Yes,Yes,25,Yes,Yes,Yes,Yes,BluePearl Veterinary Partners San Antonio,No,5,7,3,Yes,25,210-930-8383,Yes,Yes,Yes,Yes,['SMALL ANIMAL MEDICINE/SURGERY'],https://www.virmp.org/Program/Detail/9768,No,1,30500.0,0,Yes,5,5,14,14250,Yes,Yes,Yes,No
34,,,,,,,,,,,,,,,,,1,1,,,2,,3,,,,2,,2,,,,,,,,,,,,,1,,,,,5,,,,,,"Dogwood Veterinary Emergency and Specialty Center, 5918 W Broad Street, Richmond, Virginia 23230, United States",Yes,10-25,30-45,8-15,20-30,8-15,3,3,Yes,Yes,Yes,Yes,Yes,Yes, Anne Abernethy ,Anne.abernethy@bluepearlvet.com,Yes,Yes,No,20,Yes,Yes,100,Yes,10,Yes,Yes,23,804-716-4705,No,Yes,30,Yes,Yes,Yes,Yes,BluePearl Veterinary Partners Richmond,No,2,5,6,Yes,40,804-716-4700,No,Yes,No,Yes,['SMALL ANIMAL MEDICINE/SURGERY'],https://www.virmp.org/Program/Detail/9727,No,2,32500.0,0,Yes,2,2,24,10-15000,Yes,Yes,Yes,Yes
35,,,,,,,,,,,1,,,,,,,,,,,,,,,,,,1,,,,,,2,,,,,,,,,,,,3,,,,,,"1401 West Memorial Rd, Oklahoma City, Oklahoma 73114, United States",Yes,25,40-65,10-30,20-40,4-9,0,0,Yes,Yes,Yes,Yes,Yes,Yes," Tiffany Granone, DVM ",tiffany.granone@bluepearlvet.com,Yes,Yes,Yes,17,No,Yes,95,Yes,12,Yes,Yes,17,405-749-6989,No,Yes,34,Yes,Yes,No,Yes,BluePearl Veterinary Partners Oklahoma,No,,,5,Yes,17,405-749-6989,No,Yes,No,Yes,['SMALL ANIMAL MEDICINE/SURGERY'],https://www.virmp.org/Program/Detail/9766,No,0,30500.0,0,Yes,4,2,19,19500,Yes,Yes,Yes,Yes
36,,2,,,,,,,2,,4,,,,4,,2,,3,,3,,5,,,,3,,4,,,,1,,2,,,,4,,2,1,,,1,,6,,2,,2,,"College of Veterinary Medicine, C2 209 Veterinary Medical Center, Ithaca, New York 14853-6401, United States",Yes,11,52,23,26,9,6,6,Yes,Yes,Yes,Yes,No,Yes, Dr. Margret S. Thompson ,rca7@cornell.edu,Yes,Yes,Yes,20,Yes,Yes,90,Yes,20,Yes,Yes,40,607-253-3282,Yes,Yes,0,Yes,Yes,Yes,Yes,Cornell University,Yes,21,25,7,Yes,20,607-253-3157,Yes,Yes,Yes,Yes,['SMALL ANIMAL MEDICINE/SURGERY'],https://www.virmp.org/Program/Detail/9858,No,27,34600.0,0,Yes,1,3,6,19000,Yes,Yes,Yes,Yes
37,,,,,,,,,,,,,,3,,,,1,1,,,1,2,,,,1,,1,,,,,,,1,,,,,,,,5,1,,2,,,,,1,"2160 N. University Drive, Coral Springs, Florida 33071, United States",Yes,       28,       163,         25,       130,         12,6,6,Yes,Yes,Yes,Yes,Yes,Yes," Lloyd S. Meisels, D.V.M.  ",SCavrudatz@coralspringsanimalhosp.com,Yes,Yes,Yes,15,Yes,Yes,85,Yes,20,Yes,Yes,30,954-905-3400,Yes,Yes,8,Yes,Yes,Yes,Yes,CORAL SPRINGS ANIMAL HOSPITAL,No,11,13,7,Yes,12,954-343-7525,Yes,Yes,Yes,Yes,['SMALL ANIMAL MEDICINE/SURGERY'],https://www.virmp.org/Program/Detail/9880,No,0,33000.0,0,Yes,4,4,58,59720,Yes,Yes,Yes,Yes
38,,,,,,,,,,,,,,,,,,,,,,,,,,,,,,,,,,,,,,,,,,,,,,,,,,,,,"3580 Willow Lane, Thousand Oaks, California 91361, United States",No,15,150,10,145,8,3,3,Yes,Yes,Yes,No,No,Yes, Jason Sweitzer ,jsweitzer@conejovet.com,No,Yes,No,33,Yes,Yes,75,Yes,0,Yes,Yes,20,805-497-7191,No,Yes,34,Yes,Yes,No,No,Conejo Valley Veterinary Hospital,No,0,0,4,No,33,805-495-4671,No,Yes,Yes,Yes,"['AVIAN', 'EMERGENCY MEDICINE/CRITICAL CARE', 'EXOTIC/WILDLIFE/ZOO', 'SMALL ANIMAL MEDICINE/SURGERY', 'COMMUNITY PRACTICE']",https://www.virmp.org/Program/Detail/9708,No,0,45000.0,0,Yes,1,1,8,50000,Yes,Yes,No,Yes
39,,,,,,,,,,,,,,,,,,,,,,,,,,,,,,,,,,,,,,,,,,,,,,,,,,,,,"4205 Evergreen Lane, Annandale, Virginia 22003, United States",No,11,12,10,10,2,3,3,Yes,Yes,Yes,No,No,Yes, Reed Hall ,colpikeintern@gmail.com,No,Yes,No,50,Yes,Yes,66,Yes,4,Yes,Yes,12,703-750-7854,Yes,Yes,100,Yes,Yes,No,No,Columbia Pike Animal Hospital,No,0,1,3,Yes,50,703-256-8414,No,No,Yes,Yes,"['EMERGENCY MEDICINE/CRITICAL CARE', 'SMALL ANIMAL MEDICINE/SURGERY', 'COMMUNITY PRACTICE']",https://www.virmp.org/Program/Detail/9680,No,0,40000.0,0,Yes,1,0,5,3000,Yes,Yes,No,Yes
40,,2,,,,,,,3,,5,,,,,,1,,3,2,1,,6,,10,,1,,4,,,,,,2,,1,,2,,4,2,,,,,20,,,,1,,"300 West Drake, Fort Collins, Colorado 80523-1620, United States",Yes,14,13,4,9,6,6,6,Yes,Yes,Yes,Yes,Yes,Yes, Kathie Sexton ,kathie.sexton@colostate.edu,Yes,Yes,Yes,16,Yes,Yes,80,Yes,7,Yes,Yes,2,970-297-4100,No,Yes,4,Yes,Yes,Yes,Yes,Colorado State University Veterinary Teaching Hospital,Yes,,,6,Yes,16,970-297-3732,Yes,Yes,No,No,['SMALL ANIMAL MEDICINE/SURGERY'],https://www.virmp.org/Program/Detail/10008,No,1,28000.0,0,Yes,2,2,38,4839,Yes,Yes,Yes,Yes
41,,,,,,,,,,,,,,,,,,,1,,,,3,,,,2,,,,,,,,,,,,,,,,,3,,,,,,,,,"2700 Lake Vista Drive, Lewisville, Texas 75067, United States",Yes,10,30,18,12,5,2,2,Yes,Yes,Yes,Yes,Yes,Yes, Alison McClune ,amcclune@cvsecvet.com,Yes,Yes,Yes,30,Yes,Yes,85,Yes,4,Yes,Yes,8,972-820-7018,No,Yes,0,Yes,Yes,Yes,Yes,Center for Veterinary Specialty + Emergency Care,Yes,2,3,6,Yes,15,972-820-7099,Yes,Yes,Yes,Yes,"['EMERGENCY MEDICINE/CRITICAL CARE', 'SMALL ANIMAL MEDICINE/SURGERY']",https://www.virmp.org/Program/Detail/10343,No,3,30000.0,12,Yes,3,3,30,10889,Yes,Yes,Yes,Yes
42,,,,,,,,,,,1,,,,,,,,2,,1,1,2,,,,1,,1,1,,,,,1,,,,1,,2,,,2,,,2,,,,1,,"2010 Cabot Blvd W, Suite D, Langhorne, Pennsylvania 19047, United States",Yes,10,50,10,10,1,2,2,Yes,Yes,Yes,Yes,Yes,Yes," Andrea M Caniglia VMD, DACVAA ",dr.caniglia@hotmail.com,Yes,Yes,Yes,30,Yes,Yes,90,Yes,20,Yes,Yes,2,215-750-3623,Yes,Yes,0,Yes,Yes,Yes,Yes,Center for Animal Referral and Emergency Services,No,3,3,4,Yes,10,215-750-2770,No,Yes,Yes,Yes,['SMALL ANIMAL MEDICINE/SURGERY'],https://www.virmp.org/Program/Detail/10016,No,0,32000.0,0,No,4,4,2,25000,Yes,Yes,Yes,Yes
43,,,,,,,,,,,,,,1,,,,,,,,,2,,,,2,,,1,,,,,,1,,,,,,,,1,,,1,2,,,,,"1600 Hanes Mall Blvd, Winston Salem, North Carolina 27103, United States",Yes,40,50,20,30,6,3,3,Yes,Yes,Yes,Yes,Yes,Yes," Danielle Coulon, Hospital Manager ",dcoulon@carolinavet.com,Yes,Yes,Yes,10,Yes,Yes,95,Yes,10,Yes,Yes,21,336-896-1969,Yes,Yes,0,Yes,Yes,Yes,Yes,Carolina Veterinary Specialists- Winston Salem ,No,0,0,4,Yes,10,336-896-0902,Yes,Yes,Yes,Yes,['SMALL ANIMAL MEDICINE/SURGERY'],https://www.virmp.org/Program/Detail/10373,No,0,30000.0,0,Yes,1,1,6,45000,Yes,Yes,Yes,Yes
44,,1,,,,,,,,,,,,,,,,,,,1,,4,,,,2,,3,,,,,,2,,,,,,,1,,,,,6,,,,,,"4099 Campus Ridge Rd., Matthews, North Carolina 28104, United States",Yes,30-40,80-100,50-60,40-50,15-20,11,11,Yes,Yes,Yes,Yes,Yes,Yes," Kimber Blazek, Hospital Manager ",KBlazek@carolinavet.com,Yes,Yes,Yes,40,Yes,Yes,90,Yes,12,Yes,Yes,38,704-815-3940,Yes,Yes,0,Yes,Yes,Yes,Yes,Carolina Veterinary Specialists,No,8,10,12,Yes,10,704-815-3939,No,Yes,No,Yes,['SMALL ANIMAL MEDICINE/SURGERY'],https://www.virmp.org/Program/Detail/10364,No,2,30000.0,0,Yes,4,2,35,60000,Yes,No,Yes,Yes
45,,,,,,,,,,,,,,,,,,1,,,,,2,,,,,,,,,,,,,2,,,,1,,,,1,,,2,,,,,,"1615 Mahan Center Blvd, Tallahassee, Florida 32308, United States",Yes,5,40,10,30,8,1,1,Yes,Yes,Yes,Yes,Yes,Yes, Dr. Carl Jehn ,ctjehn@gmail.com,Yes,Yes,Yes,10,Yes,Yes,80,Yes,10,Yes,Yes,6,850-597-9853,Yes,Yes,2,No,Yes,Yes,Yes,Capital Veterinary Specialists - Tallahassee,No,0,0,3,Yes,0,850-597-9764,Yes,Yes,No,Yes,['SMALL ANIMAL MEDICINE/SURGERY'],https://www.virmp.org/Program/Detail/9826,No,0,28500.0,0,Yes,3,3,8,10000,Yes,Yes,Yes,Yes
46,,,,,,,,,,,,,,,,,,,1,,,1,1,,,,,,,,,,,,,,,,,,,,,,,,,2,,,,,"3135 Victory Blvd, Staten Island, New York 10314, United States",Yes,15,20-25,7,15,1-3,0,0,Yes,Yes,Yes,Yes,Yes,Yes, Susan Meeking DVM DACVIM DACVECC ,susan.meeking@gsvs.org,Yes,Yes,Yes,50,Yes,Yes,95,Yes,8,Yes,Yes,9,917-830-1390,No,Yes,0,Yes,No,Yes,Yes,Greater Staten Island Veterinary Services,Yes,,,2,Yes,10,917-830-1380,No,Yes,Yes,Yes,['SMALL ANIMAL MEDICINE/SURGERY'],https://www.virmp.org/Program/Detail/10332,No,0,42000.0,20,Yes,1,1,3,8000,Yes,Yes,Yes,Yes
47,,1,,,,,,,1,,3,,,,,,1,,2,,1,,7,,,,3,,4,,,,,,2,,,,,,2,,,,,,6,1,2,1,,,"College of Veterinary Medicine, 2200 College Station Rd, Athens, Georgia 30602, United States",Yes,8,82,67,46,24,7,7,Yes,Yes,Yes,Yes,Yes,Yes, Dr. Gary Baxter ,bhogan76@uga.edu,Yes,Yes,Yes,0,Yes,Yes,80,Yes,12,Yes,Yes,35,706-357-0107,Yes,Yes,18,Yes,Yes,Yes,Yes,University of Georgia,Yes,,,7,Yes,14,706-583-0681,Yes,Yes,No,Yes,['SMALL ANIMAL MEDICINE/SURGERY'],https://www.virmp.org/Program/Detail/9926,No,22,28588.0,0,Yes,4,4,65,22068,Yes,Yes,Yes,Yes
48,,,,,,,,,,,,,,,,,,1,2,,,3,6,,,,1,1,1,1,,,,,1,1,,,,,,,1,1,,,4,,,,,,"One Pine Street, Tinton Falls, New Jersey 07753, United States",Yes,30-34,181,73,145,14,10,10,Yes,Yes,Yes,Yes,Yes,Yes," Katharine Palmer, DVM, DACVIM, DACVECC ",info@gsvs.org,Yes,Yes,Yes,22,Yes,Yes,90,Yes,10,Yes,Yes,23,732-922-7720,No,Yes,20,Yes,Yes,Yes,Yes,Garden State Veterinary Specialists,Yes,9,19,8,Yes,15,732-922-0011,No,Yes,Yes,Yes,['SMALL ANIMAL MEDICINE/SURGERY'],https://www.virmp.org/Program/Detail/10341,No,2,42000.0,5,Yes,3,1,40,60000,Yes,Yes,Yes,Yes
49,,1,,,,,,,,,1,,,,,,2,,2,,1,,4,,,,1,,1,,,,,,,,,,1,,2,,,,1,,2,,,1,,,"4105 Brandywine Street NW, Washington, District Of Columbia 20016, United States",Yes,38,167,17,140,10,10,10,Yes,Yes,Yes,Yes,Yes,Yes," Janine Calabro, DVM, DACVECC  ",internship@friendshiphospital.com,Yes,Yes,Yes,17,Yes,Yes,95,Yes,4,Yes,Yes,45,202-363-7126,No,Yes,0,Yes,Yes,Yes,Yes,Friendship Hospital for Animals,No,13,18,13,Yes,17,202-363-7300,Yes,Yes,No,Yes,['SMALL ANIMAL MEDICINE/SURGERY'],https://www.virmp.org/Program/Detail/9664,No,0,35000.0,0,Yes,2,1,26,61011,Yes,Yes,Yes,Yes
50,1,,,,,,,,,,,,,,,,,1,,,,2,1,,,,,1,1,,,,,,,1,,,,,1,,1,,,,1,1,,,,,"9220 Estero Park Commons Blvd, Suite 7, Estero, Florida 33928, United States",Yes,15,30,10,20,3-5,2,2,Yes,Yes,Yes,Yes,No,Yes, Joshua L. Parra DVM ,jparra@flvrc.com,Yes,Yes,Yes,20,Yes,Yes,80,Yes,14,Yes,Yes,8,239-992-0884,Yes,Yes,46,Yes,Yes,Yes,Yes,Florida Veterinary Referral Center & 24-Hour Emergency and Critical Care,Yes,1,1,5,Yes,20,239-992-8878,Yes,Yes,No,Yes,"['EMERGENCY MEDICINE/CRITICAL CARE', 'SMALL ANIMAL MEDICINE/SURGERY', 'SMALL ANIMAL MEDICINE/SURGERY (MINORITY)', 'SMALL ANIMAL SURGERY', 'SMALL ANIMAL INTERNAL MEDICINE']",https://www.virmp.org/Program/Detail/9949,No,1,32000.0,0,Yes,4,4,10,20000,Yes,Yes,Yes,Yes
51,,,,,,,,,1,,4,,,,3,,2,,5,1,1,1,4,1,,,1,,3,,1,,2,,3,,,,3,,4,1,,,,,7,,3,,,,"2015 SW 16th Ave, P.O. Box 100125, Gainesville, Florida 32610, United States",Yes,36,106,35,68,8,5,5,Yes,Yes,Yes,Yes,Yes,Yes, Dr. Gareth Buckley ,buckleyg@ufl.edu,Yes,Yes,Yes,20,Yes,Yes,85,Yes,10,Yes,Yes,50,(352) 846-0600,No,Yes,5,Yes,Yes,Yes,Yes,University of Florida Veterinary Hospitals,Yes,15,15,8,Yes,15,(352) 294-4285,Yes,Yes,No,Yes,['SMALL ANIMAL MEDICINE/SURGERY'],https://www.virmp.org/Program/Detail/10203,Yes,40,30500.0,0,Yes,3,3,60,28618,Yes,Yes,Yes,Yes
52,,1,,,,,,,,,,,,,,,,,1,,,,1,,,,,,,,,,,,,,,,,,,,,,,,,1,,,,,"8503 Broadway, Suite #105, San Antonio, Texas 78217, United States",No,10,10,4,4,1,2,2,Yes,Yes,Yes,No,Yes,Yes, Tracy Gati ,tracygati@yahoo.com,No,Yes,Yes,85,Yes,Yes,90,Yes,0,Yes,Yes,7,210-822-3036,No,Yes,95,No,Yes,No,No,Emergency Pet Clinic,No,0,0,2,Yes,15,210-822-2873,No,Yes,Yes,No,"['EMERGENCY MEDICINE/CRITICAL CARE', 'SMALL ANIMAL MEDICINE/SURGERY']",https://www.virmp.org/Program/Detail/9660,No,0,35000.0,15,Yes,3,2,6,3000,Yes,Yes,Yes,No
53,,,,,,,,,,,,,,,,,,,1,,,,2,,,,1,,1,,,,,,,,,,,,1,,,,,,2,,,,,,"6700 Laurel Bowie Road, Bowie, Maryland 20715, United States",Yes,10-20,30,10-15,15-20,3-5,4,4,Yes,Yes,Yes,Yes,Yes,Yes, Dr. Kathryn Bonistalli ,internship@dcvetreferral.com,Yes,Yes,Yes,25,Yes,Yes,,Yes,4,Yes,Yes,12,301-809-0900,No,Yes,50,Yes,Yes,Yes,Yes,Dogs and Cats Veterinary Referral,No,1,4,4,Yes,25,301-809-8800,No,Yes,No,Yes,['SMALL ANIMAL MEDICINE/SURGERY'],https://www.virmp.org/Program/Detail/10108,No,0,33500.0,0,Yes,3,4,10,10000,Yes,Yes,Yes,Yes
54,,,,,,,,,,,,,,,,,,,1,,1,,,1,,,,,,,,,,,,,,,,,,,,,,,1,,,,,,"6550 Hampton Roads Pkwy, Ste 113, Suffolk, Virginia 23435, United States",Yes,15,30,15,15,3-5,0,0,Yes,Yes,Yes,Yes,Yes,Yes," Danielle T. Russ, LVT, BS, BA, AS ",druss@thecovevets.com,No,Yes,Yes,50,Yes,Yes,80,Yes,10,Yes,Yes,5,757-935-9110,Yes,Yes,15,Yes,Yes,Yes,No,The COVE - Center of Veterinary Expertise,No,0,0,4,No,25,757-935-9111,No,Yes,No,Yes,"['EMERGENCY MEDICINE/CRITICAL CARE', 'SMALL ANIMAL MEDICINE/SURGERY', 'SMALL ANIMAL SURGERY', 'CARDIOLOGY', 'SMALL ANIMAL INTERNAL MEDICINE']",https://www.virmp.org/Program/Detail/9974,No,0,40000.0,0,Yes,1,1,17,12000,Yes,Yes,Yes,Yes
55,,,,,,,,,,,,,,,,,,,,,,,,,,,,,,,,,,,,,,,,,,,,,,,,,,,,,"9410 Stirling Road, Cooper City , Florida 33024, United States",,,,,,,,,,,,,Error,Error,,,,Error,Error,,,,,,,,,,954-437-7207,Error,Error,,Error,Error,,,LeadER Animal Specialty Hospital ,,,,6,Error,,954-437-9630,,Error,Error,Error,"['EMERGENCY MEDICINE/CRITICAL CARE', 'SMALL ANIMAL MEDICINE/SURGERY', 'ONCOLOGY', 'CARDIOLOGY', 'SMALL ANIMAL INTERNAL MEDICINE', 'DERMATOLOGY', 'ANESTHESIOLOGY']",https://www.virmp.org/Program/Detail/10264,Error,,,,Error,,,,,,Error,Error,Error
56,,,,,,,,,,,,,,,,,,,,,,,,,,,,,,,,,,,,,,,,,,,,,,,,,,,,,"3217 NW 10th Terrace, Suite 302, Fort Lauderdale, Florida 33309, United States",,,,,,,,,,,,,Error,Error,,,,Error,Error,,,,,,,,,,954-641-1128,Error,Error,,Error,Error,,,Lauderdale Veterinary Specialists,,,,3,Error,,954-641-1100,,Error,Error,Error,['SMALL ANIMAL MEDICINE/SURGERY'],https://www.virmp.org/Program/Detail/9641,Error,,,,Error,,,,,,Error,Error,Error
57,,,,,,,,,,,,,,,,,,1,3,,,,1,2,,,1,,1,1,,,,,,1,,,,,,,,1,,,5,,,,,2,"2100 West Silver Spring Drive, Glendale, Wisconsin 53209, United States",Yes,15-30,29,5-15,10-30,1,0,1,Yes,Yes,Yes,Yes,Yes,Yes, Dr. Elke Rudloff ,erudloff@lakeshorevetspecialists.com,Yes,Yes,Yes,25,Yes,Yes,90,Yes,50,Yes,Yes,3,414-755-7388,Yes,Yes,0,Yes,Yes,Yes,Yes,Lakeshore Veterinary Specialists,No,0,0,6,Yes,25,414-540-6710,Yes,Yes,Yes,Yes,"['EMERGENCY MEDICINE/CRITICAL CARE', 'SMALL ANIMAL MEDICINE/SURGERY', 'SMALL ANIMAL SURGERY', 'ONCOLOGY', 'NEUROLOGY', 'SMALL ANIMAL INTERNAL MEDICINE', 'DERMATOLOGY', 'SPORTS MEDICINE AND REHABILITATION']",https://www.virmp.org/Program/Detail/10357,No,5,31000.0,0,Yes,1,0,8,10747,Yes,Yes,Yes,Yes
58,,1,,,,,,,,1,3,1,,,,,,1,1,,1,,4,,,,,,2,,,,,,2,,,,,,1,,,,,,4,,1,,,,"A106 Mosier Hall, 1800 Denison Avenue, Manhattan, Kansas 66506-5700, United States",Yes,4-6,45,15,30,7,4,4,Yes,Yes,Yes,Yes,Yes,Yes, Tom Schwartz ,kcarlgre@vet.k-state.edu,Yes,Yes,Yes,5,Yes,Yes,85,Yes,10,Yes,Yes,26,(785) 532-4309,Yes,Yes,0,Yes,Yes,Yes,Yes,Kansas State University,Yes,12,16,6,Yes,17,(785) 532-5708,Yes,Yes,No,Yes,['SMALL ANIMAL MEDICINE/SURGERY'],https://www.virmp.org/Program/Detail/9645,No,13,32774.0,0,Yes,1,1,23,12000,Yes,Yes,Yes,Yes
59,,,,,,,,,,,,,,1,,,,,,1,,1,1,2,,,,,,,,,,,,,,,,,,,,1,,,1,1,,,,,"7660 Amador Valley Boulevard, Dublin, California 94568, United States",Yes,10,15,4,10,2,1,1,Yes,Yes,Yes,Yes,Yes,Yes, Dr. Shannon Brady ,sbrady@ironhorsevetcare.com,Yes,Yes,Yes,25,Yes,Yes,80,Yes,5,Yes,Yes,8,925-556-1299,No,Yes,20,No,Yes,Yes,Yes,IronHorse VetCare Emergency & Specialty Care Center,No,0,0,1,Yes,25,925-556-1234,No,Yes,Yes,No,"['EMERGENCY MEDICINE/CRITICAL CARE', 'SMALL ANIMAL MEDICINE/SURGERY', 'SMALL ANIMAL SURGERY', 'SMALL ANIMAL INTERNAL MEDICINE']",https://www.virmp.org/Program/Detail/10267,No,0,45760.0,0,Yes,2,1,5,5500,Yes,Yes,No,Yes
60,,1,,,,,,,2,,3,,,,3,2,1,,2,,2,,8,,3,,1,,2,,,,,,2,,,,,,2,,,,,,5,,,,1,,"1809 S Riverside Drive, 2540D Lloyd, Ames, Iowa 50010, United States",Yes,8,18,6,12,4,6,6,Yes,Yes,Yes,Yes,Yes,Yes, Melissa Tritsch ,,Yes,Yes,Yes,33,Yes,Yes,83,Yes,11,Yes,Yes,3,515-294-9281,No,Yes,4,Yes,Yes,Yes,Yes,Iowa State University,Yes,,,6,Yes,17,515-294-2082,Yes,Yes,Yes,No,['SMALL ANIMAL MEDICINE/SURGERY'],https://www.virmp.org/Program/Detail/9624,No,1,26000.0,0,Yes,1,1,8,20976,Yes,Yes,Yes,Yes
61,,,,,,,,,,,,,,,,,,,,,,,,,,,,,1,,,,,,1,,,,,,,,,1,,,,,,,,,"10 W. 7th St., Upland, California 91786, United States",Yes,15-20,40,10,20,3-4,5,5,Yes,Yes,Yes,Yes,Yes,Yes, Jeffrey E Patlogar ,jpatlogardvm@gmail.com,Yes,Yes,Yes,50,Yes,Yes,100,Yes,10,Yes,Yes,7,909-931-5383,Yes,Yes,90,Yes,Yes,Yes,Yes,Inland Valley Veterinary Specialists,Yes,2,3,7,Yes,25,909-931-7871,No,Yes,Yes,Yes,['SMALL ANIMAL MEDICINE/SURGERY'],https://www.virmp.org/Program/Detail/10432,No,0,47000.0,0,Yes,15,10,20,15000,Yes,Yes,Yes,Yes
62,,1,,,,,,,,,,,,,,,,,,,,,2,,,,,,,,,,,,1,,,,,,,,,,,,,,,,,,"5425 Victory Drive, Indianapolis, Indiana 46203, United States",Yes,15,15-25,10-15,10-15,3-5,3,3,Yes,Yes,Yes,Yes,Yes,Yes, Julie Trzil ,jtrzil@indyvet.com,Yes,Yes,Yes,38,Yes,Yes,60,Yes,4,Yes,Yes,9,317-786-4484,Yes,Yes,25,Yes,Yes,Yes,No,IndyVet Emergency and Specialty Hospital,Yes,5,9,4,Yes,5,317-782-4484,Yes,Yes,No,Yes,['SMALL ANIMAL MEDICINE/SURGERY'],https://www.virmp.org/Program/Detail/10363,No,0,33000.0,0,Yes,4,4,20,8000,Yes,Yes,Yes,Yes
63,,3,1,,,4,,,3,,3,1,1,,2,,1,,3,,2,,4,3,5,,2,,3,,,2,,,1,1,,,4,,,,,2,1,,6,2,2,,,1,"Department of Veterinary Clinical Medicine, MC-004, Urbana, Illinois 61802, United States",Yes,15,75,20,50,8,6,6,Yes,Yes,Yes,Yes,Yes,Yes," Stanley Rubin, DVM MS, DACVIM ",sirubin@illinois.edu,Yes,Yes,Yes,15,Yes,Yes,90,Yes,7,Yes,Yes,4,217-244-1475,No,Yes,0,Yes,Yes,Yes,Yes,University of Illinois,Yes,20,20,7,Yes,15,217-333-8517,Yes,Yes,No,No,['SMALL ANIMAL MEDICINE/SURGERY'],https://www.virmp.org/Program/Detail/10276,No,3,26153.0,0,Yes,2,3,15,14000,Yes,Yes,Yes,Yes
64,,,,,,,,,,,,,,,,,,,,,2,10,2,,,,,3,2,1,,,,,1,,,,,,,,,1,,,3,2,,,,,"140 Park Street SE, Vienna, Virginia 22180-4627, United States",Yes,14,55,22,33,5-8,2,2,Yes,Yes,Yes,Yes,Yes,Yes," Scott Moore, VMD ",jmoore@hopeadvancedvet.com,Yes,Yes,Yes,5,Yes,Yes,100,Yes,12,Yes,Yes,22,703-281-0149,No,Yes,50,Yes,Yes,Yes,Yes,Hope Advanced Veterinary Center-Vienna,No,3,5,2,Yes,5,703-281-5121,Yes,Yes,No,Yes,"['EMERGENCY MEDICINE/CRITICAL CARE', 'SMALL ANIMAL MEDICINE/SURGERY']",https://www.virmp.org/Program/Detail/10000,No,2,30500.0,4,Yes,2,2,36,20000,Yes,Yes,Yes,Yes
65,,1,,,,,,,,,4,,,,,,1,1,4,,2,,3,1,0,,2,,1,1,,,,1,2,,,,,,,,,1,,,3,,1,,,,"College of Veterinary Medicine, 736 Wilson Rd, Rm D208, East Lansing, Michigan 48824, United States",Yes,38,107,20,86,8,5,5,Yes,Yes,Yes,Yes,Yes,Yes," N. Bari Olivier, DVM, PhD, DACVIM ",piket@cvm.msu.edu,Yes,Yes,Yes,16,Yes,Yes,85,Yes,14,Yes,Yes,33,517-355-5164,No,Yes,6,Yes,Yes,Yes,Yes,Michigan State University - Small Animal,Yes,10,18,5,No,16,517-355-6571,Yes,Yes,Yes,Yes,['SMALL ANIMAL MEDICINE/SURGERY'],https://www.virmp.org/Program/Detail/9869,No,22,25000.0,0,Yes,3,2,43,26852,Yes,Yes,Yes,Yes
66,,,,,,,,,,,,,,,,,,,,,,,1,,,,,,1,,,,,,,,,,,,,,,,,,3,,,,,,"8601 Sunset Drive, Miami, Florida 33143, United States",Yes,20,50,15,30,4,2,2,Yes,Yes,Yes,Yes,Yes,Yes, Dr. Natalia Andrade ,nandrade@mvshospital.com,Yes,Yes,Yes,17,Yes,Yes,80,Yes,0,Yes,Yes,10,305-665-2821,Yes,Yes,66,Yes,Yes,Yes,Yes,Miami Veterinary Specialists,Yes,5,5,4,Yes,17,305-665-2820,No,Yes,No,Yes,['SMALL ANIMAL MEDICINE/SURGERY'],https://www.virmp.org/Program/Detail/10393,Yes,0,32500.0,0,Yes,4,4,12,18000,Yes,Yes,Yes,Yes
67,,,,,,,,,,,,,,,,,,,2,,,,2,,,,1,,,,,,,,1,,,,,,,,,,,,4,,,,1,,"11800 Capital Way , Louisville, Kentucky 40299, United States",No,20,31,25,22,10,3,3,Yes,Yes,Yes,Yes,Yes,Yes, Dr. Veronica Higgs ,vhiggs.mves@gmail.com,Yes,Yes,Yes,30,Yes,Yes,80,Yes,10,Yes,Yes,12,502-266-7375,Yes,Yes,50,Yes,Yes,No,Yes,Metropolitan Veterinary Specialists and Emergency Services,No,0,0,4,Yes,20,502-266-7007,No,Yes,Yes,Yes,['SMALL ANIMAL MEDICINE/SURGERY'],https://www.virmp.org/Program/Detail/10412,No,0,30000.0,0,Yes,4,2,8,12000,Yes,Yes,Yes,Yes
68,1,1,,,,,,,,,,,,,,,,,,,1,,3,,,,2,,1,,,,,,0,,,,,,2,,,4,,,3,1,,,,,"1053 S. Cleveland Massillon Rd, Akron, Ohio 44321, United States",Yes,25,87.79,37,44,15,5,5,Yes,Yes,Yes,Yes,Yes,Yes," Dr. Josh Collins, DVM, DACVS ",internship@metropolitanvet.com,Yes,Yes,Yes,35,Yes,Yes,90,Yes,10,Yes,Yes,22,330-666-0519,Yes,Yes,0,Yes,Yes,Yes,Yes,Metropolitan Veterinary Hospital / Metropolitan Veterinary Referral Group,Yes,,,4,Yes,15,330-666-2976,No,Yes,Yes,Yes,['SMALL ANIMAL MEDICINE/SURGERY'],https://www.virmp.org/Program/Detail/9648,No,3,28000.0,5,Yes,4,1,40,32043,Yes,Yes,Yes,Yes
69,,,,,,,,,,,1,,,,,,2,,2,,1,,6,,,,,,3,,,,,,,,,,,,,,,,,,2,,,,,,"2315 N Causeway Blvd, Metairie, Louisiana 70001, United States",Yes,25,60,35,25,6,3,3,Yes,Yes,Yes,Yes,Yes,Yes," Erin Daniels, DVM, DACVECC ",erin.daniels@medvetforpets.com,Yes,Yes,Yes,25,Yes,Yes,80,Yes,15,Yes,Yes,18,504-835-8509,Yes,Yes,0,Yes,Yes,Yes,Yes,Medvet Medical and Cancer Center for Pets - Louisiana,Yes,4,6,5,Yes,25,504-835-8508,Yes,Yes,No,Yes,"['EMERGENCY MEDICINE/CRITICAL CARE', 'SMALL ANIMAL MEDICINE/SURGERY', 'SMALL ANIMAL SURGERY', 'SMALL ANIMAL INTERNAL MEDICINE']",https://www.virmp.org/Program/Detail/10041,No,4,30000.0,50,Yes,2,2,20,11000,Yes,Yes,Yes,Yes
70,,,,,,,,,,,1,,,,,,2,,2,,1,,1,,,,1,,,,,,,,1,,,,,,,,,,,,5,,,,,,"1321 Centerview Circle, Akron, Ohio 44321, United States",Yes,18,40,12,28,6,0,0,Yes,Yes,Yes,Yes,Yes,Yes," James Vogt, DVM, DACVS ",james.vogt@medvetforpets.com,Yes,Yes,Yes,10,Yes,Yes,80,Yes,15,Yes,Yes,30,330-665-5972,Yes,Yes,10,Yes,Yes,Yes,Yes,MedVet Medical & Cancer Centers for Pets,Yes,0,0,2,Yes,25,330-665-4996,Yes,Yes,No,Yes,['SMALL ANIMAL MEDICINE/SURGERY'],https://www.virmp.org/Program/Detail/10109,No,4,30000.0,50,Yes,4,0,32,14000,Yes,Yes,Yes,Yes
71,,,,,,,,,,,1,,,,,,,,1,,1,,4,,,,3,,2,,,,,,,,,,,,2,1,,,,,3,,,,,,"3123 N. Clybourn Avenue, Chicago, Illinois 60618, United States",Yes,56,75,30,40,8,1,1,Yes,Yes,Yes,Yes,Yes,Yes," Jayme Hoffberg, DVM, DACVECC ",jayme.hoffberg@medvetforpets.com,Yes,Yes,Yes,10,Yes,Yes,80,Yes,15,Yes,Yes,42,773-880-6083,Yes,Yes,10,Yes,Yes,Yes,Yes,MedVet Medical & Cancer Centers for Pets,Yes,0,0,4,Yes,25,773-281-7110,Yes,Yes,No,Yes,['SMALL ANIMAL MEDICINE/SURGERY'],https://www.virmp.org/Program/Detail/10107,No,0,40000.0,0,Yes,4,4,20,35000,Yes,Yes,Yes,Yes
72,,2,,,,,,,5,,2,,,,,,3,,2,,1,,6,,4,,,,1,,,,,,1,,1,,,,3,1,,,,,3,,1,,,,"Department of Veterinary Clinical Sciences, School of Veterinary Medicine, Baton Rouge, Louisiana 70803-8410, United States",Yes,10,76,10,66,4,7,7,Yes,Yes,Yes,Yes,Yes,Yes, Dr. Dale Paccamonti ,mkirks1@lsu.edu,Yes,Yes,Yes,16,Yes,Yes,84,Yes,14,Yes,Yes,19,225-578-9218,Yes,Yes,5,Yes,Yes,Yes,Yes,Louisiana State University,Yes,0,0,7,Yes,16,225-578-9552,Yes,Yes,No,Yes,['SMALL ANIMAL MEDICINE/SURGERY'],https://www.virmp.org/Program/Detail/10059,No,14,26660.0,0,Yes,1,2,26,19748,Yes,Yes,Yes,Yes
73,1,,,,,,,,,,,1,1,,,,1,,1,,,1,1,1,,,2,1,,3,,,,,2,,,,,,,,,1,1,,2,1,,,,1,"163 South Service Road, Plainview, New York 11803, United States",Yes,15,70,45,50,14,1,2,Yes,Yes,Yes,Yes,No,Yes, Dr. Catherine Loughin ,Cloughin@livs.org,Yes,Yes,Yes,35,Yes,Yes,850,Yes,0,Yes,Yes,18,516-501-1730,Yes,Yes,45,Yes,Yes,Yes,Yes,Long Island Veterinary Specialists,No,0,0,3,Yes,10,516-501-1700,Yes,No,No,Yes,['SMALL ANIMAL MEDICINE/SURGERY'],https://www.virmp.org/Program/Detail/10233,No,2,35000.0,0,Yes,2,2,20,22000,Yes,Yes,Yes,Yes
74,,4,1,,1,,2,,2,,5,,0,,3,,3,,5,,5,,9,,0,,4,,4,,1,,1,,4,,1,,8,,5,3,,,0,,6,,2,,0,,"1060 William Moore Dr, Raleigh, North Carolina 27607, United States",Yes,18,83,52,31,6,11,11,Yes,Yes,Yes,Yes,Yes,Yes, Sue Chiappone ,cvm_match_program@ncsu.edu,Yes,Yes,Yes,10,Yes,Yes,90,Yes,10,Yes,Yes,51,919-513-6222,No,Yes,20,Yes,Yes,Yes,Yes,NC State University-College of Veterinary Medicine,Yes,44,47,11,No,15,919-513-6020,Yes,Yes,Yes,Yes,['SMALL ANIMAL MEDICINE/SURGERY'],https://www.virmp.org/Program/Detail/9942,No,28,30000.0,0,Yes,3,3,34,33586,Yes,Yes,Yes,Yes
75,,,,,,,,,,,,,,,,,2,,1,,1,,3,,,,1,,1,,,,,,,,,,,,,,,1,,,3,,,,,,"2971 Sidco Dr., Nashville, Tennessee 37204, United States",Yes,15,65,20,45,5,4,4,Yes,Yes,Yes,Yes,Yes,Yes, Karen Marcus ,kmarcus@nashvillevetspecialists.com,Yes,Yes,Yes,20,Yes,Yes,95,Yes,5,Yes,Yes,17,615-386-0109,No,Yes,0,Yes,Yes,Yes,Yes,Nashville Veterinary Specialists,No,3,5,7,Yes,0,615-386-0107,Yes,Yes,No,Yes,['SMALL ANIMAL MEDICINE/SURGERY'],https://www.virmp.org/Program/Detail/10349,No,0,29500.0,0,Yes,2,2,8,23140,Yes,Yes,Yes,Yes
76,2,,,,,,,,,,,2,,,,,,,2,,1,1,2,,,,,2,,1,,,,1,,3,,,,2,,,1,3,,,1,,,,,1,"293 2nd Avenue, Waltham, Massachusetts 02451, United States",Yes,11,25,4,21,3,0,0,Yes,Yes,Yes,Yes,Yes,Yes, Catherine Sumner ,csumner@angell.org,Yes,Yes,Yes,14,Yes,Yes,93,Yes,15,Yes,Yes,19,781-622-1410,No,Yes,44,Yes,Yes,Yes,Yes,MSPCA Angell West,Yes,0,0,1,Yes,15,781-902-8400,Yes,Yes,Yes,Yes,['SMALL ANIMAL MEDICINE/SURGERY'],https://www.virmp.org/Program/Detail/10138,No,0,30500.0,15,Yes,1,1,14,7651,Yes,Yes,Yes,Yes
77,2,2,0,2,0,0,0,1,2,1,3,0,0,0,0,0,0,3,1,0,1,0,3,1,5,0,3,1,4,0,0,2,1,0,1,1,1,1,0,9,2,2,1,0,1,0,4,1,0,2,0,0,"Veterinary Medicine &amp; Surgery, 900 East Campus Drive, Columbia, Missouri 65211, United States",Yes,18,71,34,62,10,5,5,Yes,Yes,Yes,Yes,Yes,Yes, Connie Sievert ,mucvmvmsadmin@missouri.edu,Yes,Yes,Yes,8,Yes,Yes,90,Yes,12,Yes,Yes,38,573-884-5444,Yes,Yes,12,Yes,Yes,Yes,Yes,University of Missouri College of Veterinary Medicine,Yes,24,26,7,Yes,20,573-882-1807,Yes,Yes,Yes,Yes,['SMALL ANIMAL MEDICINE/SURGERY'],https://www.virmp.org/Program/Detail/9683,No,33,26000.0,0,Yes,1,2,29,18401,Yes,Yes,Yes,Yes
78,,2,,,1,,,,4,,2,,,,,,,1,,,,,6,1,,,2,,,,,,,,1,,,,5,,2,,,,,,4,,,,,1,"College of Veterinary Medicine, PO Box 6100, Mississippi State, Mississippi 39762, United States",Yes,10,30,15,15,5,5,5,Yes,Yes,Yes,Yes,Yes,Yes, Dr. Patty Lathan ,lathan@cvm.msstate.edu,Yes,Yes,Yes,5,Yes,Yes,100,Yes,6,Yes,Yes,34,662-325-4011,No,Yes,2,Yes,Yes,Yes,Yes,Mississippi State University,No,16,22,5,Yes,20,662-325-3432,Yes,Yes,No,Yes,['SMALL ANIMAL MEDICINE/SURGERY'],https://www.virmp.org/Program/Detail/10367,No,14,24000.0,0,Yes,2,2,20,9385,Yes,Yes,Yes,Yes
79,,,,,,,,,,,1,,,,,,,2,2,,1,,4,,,,2,,1,,,,,,2,,,,1,,,,,,,,,,,,1,,"2285 Bristol Circle, Oakville, Ontario L6H 6P8, Canada",Yes,25,72,30,30,5,4,4,Yes,Yes,Yes,Yes,Yes,Yes, Dr. Jennifer Kyes  ,jkyes@vetemergency.ca,Yes,Yes,No,30,Yes,Yes,75,Yes,30,Yes,Yes,11,905-829-9646,Yes,Yes,30,Yes,Yes,Yes,Yes,Mississauga Oakville Veterinary Emergency and Referral Services ,No,0,0,4,Yes,7,905-829-9444,Yes,Yes,No,Yes,['SMALL ANIMAL MEDICINE/SURGERY'],https://www.virmp.org/Program/Detail/10003,No,0,34000.0,0,Yes,2,1,15,28000,Yes,Yes,Yes,Yes
80,,1,,,,,,,,,4,,0,,,,2,,3,1,1,,6,2,,,1,,3,,,,1,,,,,,3,,4,1,,,1,,4,,,,1,,"C338 Veterinary Medical Center, 1352 Boyd Avenue, St. Paul, Minnesota 55108, United States",Yes,15,86,19,67,37,9,9,Yes,Yes,Yes,Yes,Yes,Yes, Dr. Kelly Tart ,,Yes,Yes,Yes,21,Yes,Yes,80,Yes,20,Yes,Yes,30,612-624-0751,Yes,Yes,4,Yes,Yes,Yes,Yes,"University of Minnesota, College of Veterinary Medicine",Yes,,,9,Yes,11,612-624-8841,Yes,Yes,No,Yes,['SMALL ANIMAL MEDICINE/SURGERY'],https://www.virmp.org/Program/Detail/10416,No,16,27000.0,0,Yes,1,2,97,38747,Yes,Yes,Yes,Yes
81,,,,,1,,,,1,,3,,,,1,,,,2,,,1,5,,2,,1,,,1,,,,,,,,,4,,,,1,1,,,3,,,,,,"19555 N 59th Ave, Glendale, Arizona 85308, United States",Yes,11,54,8,46,4,0,0,Yes,Yes,Yes,Yes,Yes,Yes, Dr. Erik Hofmeister ,ehofme@midwestern.edu,Yes,Yes,Yes,17,Yes,Yes,90,Yes,6,Yes,Yes,33,623-806-7401,Yes,Yes,8,Yes,Yes,Yes,Yes,Midwestern University,No,0,0,1,Yes,0,623-806-6382,Yes,Yes,Yes,Yes,['SMALL ANIMAL MEDICINE/SURGERY'],https://www.virmp.org/Program/Detail/9771,Yes,1,35000.0,0,Yes,3,2,15,13000,Yes,Yes,Yes,Yes
82,1,,,,,,,,,,,1,,,,,,1,,1,,1,,1,,1,,1,1,,,,,,,1,,,,,,,,1,,,2,,,,,,"Hickory Veterinary Hospital, 2303 Hickory Road, Plymouth Meeting, Pennsylvania 19462, United States",Yes,15,62,15,60,7,3,3,Yes,Yes,Yes,Yes,No,Yes," Nancy O. Brown, VMD, DACVS, DACVIM-Oncology ",swelsh@hickoryvet.com,Yes,Yes,Yes,25,Yes,Yes,65,Yes,5,Yes,Yes,15,610-828-8465,Yes,Yes,45,Yes,Yes,Yes,No,Pennsylvania Veterinary Specialty and Emergency Associates,No,6,12,2,No,25,610-828-3054,Yes,Yes,No,Yes,['SMALL ANIMAL MEDICINE/SURGERY'],https://www.virmp.org/Program/Detail/10235,No,0,35000.0,0,Yes,2,2,10,25000,Yes,Yes,Yes,Yes
83,,1,,,,,,,,,1,,,,3,,3,1,11,,2,,12,,,,2,1,3,,,,1,,3,2,,,5,,2,1,,3,,,7,1,1,,2,,"Department of Clinical Sciences &amp; Advanced Medicine, Matthew J. Ryan Veterinary Hospital 3900 Delancey Street, Philadelphia, Pennsylvania 19104-6010, United States",Yes,30,84,15,68,5,12,12,Yes,Yes,Yes,Yes,Yes,Yes, Dr. Mark Rondeau/Tory Cramer ,cramerv@vet.upenn.edu,Yes,Yes,Yes,17,Yes,Yes,95,Yes,13,Yes,Yes,60,215-573-9457,No,Yes,8,Yes,Yes,Yes,Yes,University of Pennsylvania School of Veterinary Medicine,No,,,12,Yes,11,215-898-2210,Yes,Yes,No,Yes,['SMALL ANIMAL MEDICINE/SURGERY'],https://www.virmp.org/Program/Detail/9797,No,50,26500.0,0,Yes,3,2,85,30673,Yes,Yes,Yes,Yes
84,0,1,0,0,0,1,0,0,2,0,2,0,0,0,0,0,0,0,0,0,2,1,2,0,3,0,0,0,3,0,0,0,0,0,0,1,0,0,6,0,3,0,0,0,0,0,3,0,0,0,0,0,"Veterinary Teaching Hospital, 273 Magruder Hall, Corvallis , Oregon 97331, United States",Yes,4,40,10,30,4,5,5,Yes,Yes,Yes,Yes,Yes,Yes, Keri Fisher ,jana.gordon@oregonstate.edu,Yes,Yes,Yes,10,Yes,Yes,75,Yes,5,Yes,Yes,15,541-737-6879,No,Yes,5,Yes,Yes,Yes,Yes,Oregon State University,Yes,10,18,5,No,20,541-737-6868,Yes,Yes,Yes,No,['SMALL ANIMAL MEDICINE/SURGERY'],https://www.virmp.org/Program/Detail/10319,No,10,31776.0,5,Yes,2,2,28,10000,Yes,Yes,Yes,Yes
85,,2,,,,,,,,,,1,,,,,1,,3,,1,,4,,,,1,2,2,,,,,1,,1,,,,,,,,1,,,4,,,,,,"580 Winters Avenue , Paramus , New Jersey 07652, United States",Yes,40,300,60,200,10,13,13,Yes,Yes,Yes,Yes,Yes,Yes, Alison Lee Maglio ,info@oradell.com,Yes,Yes,Yes,15,Yes,Yes,90,Yes,10,Yes,Yes,48,201-262-5509,Yes,Yes,10,Yes,Yes,Yes,Yes,"Oradell Animal Hospital, Inc. ",Yes,15,25,15,Yes,17,201-262-0010,Yes,Yes,No,Yes,['SMALL ANIMAL MEDICINE/SURGERY'],https://www.virmp.org/Program/Detail/10153,No,6,33000.0,0,Yes,10,6,25,100000,Yes,Yes,Yes,Yes
86,,1,,,,,,,,,3,,,,,,,,2,,2,,5,,,,2,,3,,,,,,1,,,,10,,2,,,,,,5,,1,,,,"50 Stone Road, Guelph, Ontario N1G 2W1, Canada",Yes,10,55,15,40,5,7,7,Yes,Yes,Yes,Yes,Yes,Yes, Christine Hagen ,ovchschr@uoguelph.ca,Yes,Yes,Yes,25,Yes,Yes,100,Yes,5,Yes,Yes,38,519-824-0317,No,Yes,0,Yes,Yes,Yes,Yes,Ontario Veterinary College Health Sciences Centre,Yes,12,21,8,Yes,5,519-824-4120,Yes,Yes,No,Yes,['SMALL ANIMAL MEDICINE/SURGERY'],https://www.virmp.org/Program/Detail/9905,No,22,26000.0,0,Yes,2,2,55,14519,Yes,Yes,No,Yes
87,,2,,,2,,,,3,,2,,,,2,,,,,,1,,3,,,,,,,,,,,,1,1,,,8,,2,,,,,,2,,,,,1,"2115 W. Farm Road, Stillwater, Oklahoma 74078, United States",Yes,8,40,20,40,9,5,5,Yes,Yes,Yes,Yes,Yes,Yes," Daniel Burba, DVM, DACVS, Professor and Dept. Head ",,Yes,Yes,Yes,20,Yes,Yes,80,Yes,13,Yes,Yes,23,405-744-6265,No,Yes,0,Yes,Yes,Yes,Yes,Oklahoma State University,Yes,,,5,Yes,20,405-744-8472,Yes,Yes,No,Yes,['SMALL ANIMAL MEDICINE/SURGERY'],https://www.virmp.org/Program/Detail/9707,No,7,26500.0,0,Yes,1,1,5,12600,Yes,Yes,Yes,Yes
88,,1,,,,,,,2,,4,,1,,1,,3,,4,,3,,5,,,,3,,4,,1,,1,,3,,,,2,,4,2,,,1,,8,,,,,,"Dept of Veterinary Clinical Sciences, 601 Vernon Tharp St, Columbus, Ohio 43210, United States",Yes,20-30,80-100,20-40,60-80,10-20,9,9,Yes,Yes,Yes,Yes,Yes,Yes, VCS Education Program Coordinator ,VCS.EducationProgramCoordinator@cvm.osu.edu,Yes,Yes,Yes,13,Yes,Yes,90,Yes,15,Yes,Yes,47,614-292-4258,Yes,Yes,13,Yes,Yes,Yes,Yes,Ohio State University,Yes,23,35,10,Yes,13,614-292-0687,Yes,Yes,Yes,Yes,['SMALL ANIMAL MEDICINE/SURGERY'],https://www.virmp.org/Program/Detail/10038,No,40,25655.0,0,Yes,2,2,70,26000,Yes,Yes,Yes,Yes
89,,,,,,,,,,,,,,,1,,,,3,,1,1,5,,,,1,,,,,,,,1,,,,,,1,,,,,,4,,1,,,,"1480 South County Trail, East Greenwich, Rhode Island 02818, United States",Yes,50,60,40,30,6,7,8,Yes,Yes,Yes,Yes,Yes,Yes," Justine Johnson DVM, DACVECC ",jjohnson@osvs.net,Yes,Yes,Yes,40,Yes,Yes,90,Yes,17,Yes,Yes,38,401-886-8998,No,Yes,0,Yes,Yes,Yes,Yes,Ocean State Veterinary Specialists,No,4,5,8,Yes,15,401-886-6787,No,No,No,No,"['EMERGENCY MEDICINE/CRITICAL CARE', 'SMALL ANIMAL MEDICINE/SURGERY']",https://www.virmp.org/Program/Detail/9741,No,3,30000.0,0,Yes,3,4,40,>20000,Yes,Yes,Yes,Yes
90,,,,,,,,,,,,,,,,,,,2,,,2,2,,,,,,,,,,,,,,,,,,,,,1,,,2,,,,,,"595 West Center St, West Bridgewater, Massachusetts 02379, United States",Yes,23,50,18,32,12,5,5,Yes,Yes,Yes,Yes,Yes,Yes," Nicole Beckel, DVM, DACVECC ",vets@neamc.com,Yes,Yes,Yes,25,Yes,Yes,100,Yes,5,Yes,Yes,20,508-638-6299,Yes,Yes,15,Yes,Yes,Yes,Yes,New England Animal Medical Center,No,4,5,6,Yes,25,508-580-2515,Yes,Yes,Yes,Yes,['SMALL ANIMAL MEDICINE/SURGERY'],https://www.virmp.org/Program/Detail/9794,No,3,32000.0,0,Yes,3,3,21,16257,Yes,Yes,Yes,Yes
91,,,,,,,1,,,,,,,,,,,,,,,,2,,,,,,,,,,,,,,,,,,,,,1,,,1,2,,,,,"4630 Royal Vista Cir. Ste 11, Windsor, Colorado 80528, United States",Yes,15,35,10,10,10,1,2,Yes,Yes,Yes,Yes,Yes,Yes, Dr. Randy Willer  ,rwdogsx@aol.com,Yes,Yes,Yes,15,Yes,Yes,80,Yes,15,Yes,Yes,10,970-286-2803,Yes,Yes,35,Yes,Yes,Yes,Yes,Royal Vista Veterinary Specialists,No,0,0,2,Yes,20,970-825-5975,Yes,Yes,No,Yes,['SMALL ANIMAL MEDICINE/SURGERY'],https://www.virmp.org/Program/Detail/9663,No,0,29000.0,15,Yes,2,2,6,3500,Yes,Yes,Yes,Yes
92,,1,,,,,,,,,2,,,,,,1,,3,,1,,5,,,,2,,2,,,,1,,1,,,,,,2,1,,,,,3,1,,,,1,"197 Hance Avenue, Tinton Falls, New Jersey 07724, United States",Yes,33,192,24,168,27,15,15,Yes,Yes,Yes,Yes,Yes,Yes," Elizabeth Orcutt, DVM, MS, Diplomate ACVIM (Small Animal Internal Medicine) ",julie.mccarthy@rbvh.net,Yes,Yes,Yes,14,Yes,Yes,65,Yes,14,Yes,Yes,44,732-704-9504,Yes,Yes,42,Yes,Yes,Yes,Yes,Red Bank Veterinary Hospital,Yes,26,41,15,Yes,21,732-747-3636,Yes,Yes,Yes,Yes,['SMALL ANIMAL MEDICINE/SURGERY'],https://www.virmp.org/Program/Detail/10118,No,8,30000.0,0,Yes,2,2,25,70000,Yes,Yes,Yes,Yes
93,,1,,,,,,,1,,3,,1,,,,1,,2,,3,,5,2,,,3,,3,,1,,,,2,,,,,,2,1,,,,,5,1,,,,,"625 Harrison Street, West Lafayette, Indiana 47907, United States",Yes,12,76,10,65,8,6,6,Yes,Yes,Yes,Yes,Yes,Yes, Jesse Mabbitt ,,Yes,Yes,Yes,8,Yes,Yes,99,Yes,16,Yes,Yes,47,765-496-1108,Yes,Yes,5,Yes,Yes,Yes,Yes,Purdue University,Yes,12,18,6,Yes,14,765-494-1103,Yes,Yes,Yes,Yes,['SMALL ANIMAL MEDICINE/SURGERY'],https://www.virmp.org/Program/Detail/9811,No,24,27050.0,0,Yes,1,2,47,19867,Yes,Yes,Yes,Yes
94,,,,,,,,,,,,,,,,,,,,,1,,3,,,,1,,2,,,,,,,,,,,,,,,,,,1,,,,,,"3927 W. Belmont Ave, Chicago, Illinois 60618, United States",Yes,15-30,30-35,5-8,25-30,2-5,4,4,Yes,Yes,Yes,Yes,Yes,Yes," Amanda Full, DVM, DACVIM ",afull@ethosvet.com,Yes,Yes,Yes,18,Yes,Yes,98,Yes,4,Yes,Yes,16,773-283-5232,Yes,Yes,36,Yes,Yes,Yes,Yes,Premier Veterinary Group by Ethos,No,0,0,5,Yes,18,773-516-5800,Yes,Yes,No,Yes,['SMALL ANIMAL MEDICINE/SURGERY'],https://www.virmp.org/Program/Detail/9918,No,0,40000.0,7,Yes,2,2,30,10358,Yes,Yes,Yes,Yes
95,,,,,,,,,,,1,,,,,,1,,3,,2,,5,,,,2,,3,,,,,,4,,,,,,2,,,,,,8,,,,1,,"807 Camp Horne Rd, Pittsburgh , Pennsylvania 15237, United States",Yes,25-40,125-150,55-60,85,15-20,5,5,Yes,Yes,Yes,Yes,Yes,Yes, John Payne ,jpayne@pvs-ec.com,Yes,Yes,Yes,25,Yes,Yes,100,Yes,20,Yes,Yes,35,412-366-3489,No,Yes,25,Yes,Yes,Yes,Yes,Pittsburgh Veterinary Specialty and Emergency Center,No,13,15,8,Yes,15,412-366-3400,Yes,Yes,Yes,Yes,['SMALL ANIMAL MEDICINE/SURGERY'],https://www.virmp.org/Program/Detail/10085,No,6,32000.0,5,Yes,12,6,225,42000,Yes,Yes,Yes,Yes
96,,,,,,,,,,,,,,,,,,,1,,,,1,,,,3,,1,,,,,,,,,,,,1,,,,,,2,,,,,1,"730 Randolph Rd. , Middletown, Connecticut 06457, United States",Yes,20,257,69,92,11,5,6,Yes,Yes,Yes,Yes,Yes,Yes," Carolyn Gross, DVM, DACVIM ",Carolyngrossdvm@gmail.com,Yes,Yes,Yes,25,Yes,Yes,90,Yes,5,Yes,Yes,15,860-704-0344,Yes,Yes,10,Yes,Yes,Yes,Yes,Pieper Memorial Veterinary Hospitals,No,2,3,8,Yes,20,860-347-8387,Yes,Yes,Yes,Yes,['SMALL ANIMAL MEDICINE/SURGERY'],https://www.virmp.org/Program/Detail/9991,No,0,32000.0,5,Yes,3,3,18,83548,Yes,Yes,Yes,Yes
97,,,,,,,,,,,,,,,,,1,,,,,1,1,1,,,,,,,,,,,,,,,,,,,,,,,2,,,,,,"451 Canyon Del Rey, Del Rey Oaks, California 93940, United States",Yes,12,20,8,13,5,2,2,Yes,Yes,Yes,Yes,No,Yes, Tara Ghormley ,tara.ghormley@gmail.com,Yes,Yes,Yes,9,Yes,Yes,100,Yes,2,Yes,Yes,6,831-706-4680,No,No,0,Yes,Yes,Yes,Yes,Pet Specialists of Monterey,No,1,3,4,Yes,17,831-899-4838,Yes,Yes,No,Yes,['SMALL ANIMAL MEDICINE/SURGERY'],https://www.virmp.org/Program/Detail/10284,No,0,44000.0,0,Yes,2,1,9,8000,Yes,Yes,Yes,Yes
98,,1,,,,,,,,,1,,,,,,,1,2,,,,3,,,,,,1,,,,,,,1,,,,,,,,,,,2,,,,,,"5232 Jackson Dr Su 105, La Mesa, California 91942, United States",Yes,30,55,20,25,6-8,6,6,Yes,Yes,Yes,Yes,Yes,Yes," Jennifer Willey, DVM, DACVECC ",jwilley@pescsandiego.com,Yes,Yes,Yes,36,Yes,Yes,82,Yes,0,Yes,Yes,22,619-462-7224,Yes,Yes,0,Yes,Yes,Yes,Yes,Pet Emergency and Specialty Center,Yes,3,6,5,Yes,36,619-462-4800,No,Yes,Yes,Yes,"['EMERGENCY MEDICINE/CRITICAL CARE', 'SMALL ANIMAL MEDICINE/SURGERY']",https://www.virmp.org/Program/Detail/10309,No,0,45760.0,18,Yes,2,1,19,20000,Yes,Yes,Yes,Yes
99,,3,,,,,,,,,,1,,,,,,1,,,1,,4,,,,3,,1,,,,,,,,,1,,,2,,,,,,2,,,,1,,"9770 E. Alameda Ave, Denver, Colorado 80247, United States",Yes,60,150,25,125,4,10,10,Yes,Yes,Yes,Yes,Yes,Yes, Dr. Molly Comiskey ,molly.comiskey@vca.com,Yes,Yes,Yes,10,Yes,Yes,75,Yes,10,Yes,Yes,25,303-344-8150,Yes,Yes,35,Yes,Yes,Yes,Yes,VCA Alameda East Veterinary Hospital,Yes,,,12,Yes,25,303-366-2639,Yes,Yes,Yes,Yes,['SMALL ANIMAL MEDICINE/SURGERY'],https://www.virmp.org/Program/Detail/10331,No,0,40000.0,0,No,4,4,75,50000,Yes,Yes,Yes,Yes
100,,,,,,,,,,,,,,,,,,1,,,,1,2,,,,2,,1,,,,,1,1,,,,,,1,1,,1,,,2,,,,,,"7712 Crosspoint Commons, Fishers, Indiana 46038, United States",Yes,25,40,12,35,12,4,4,Yes,Yes,Yes,Yes,Yes,Yes, Kerensa Rechner ,kerensa.rechner@vca.com,Yes,Yes,Yes,35,Yes,Yes,90,Yes,8,Yes,Yes,20,317-578-4900,Yes,Yes,50,Yes,Yes,Yes,Yes,VCA Advanced Veterinary Care Center,No,5,9,3,Yes,5,317-578-4100,Yes,Yes,Yes,Yes,['SMALL ANIMAL MEDICINE/SURGERY'],https://www.virmp.org/Program/Detail/10115,No,0,40000.0,12,Yes,5,3,39,15800,Yes,Yes,Yes,Yes
101,,1,,,,,,,,,,,,,,,,,1,,,,,,,,,,,,,,,,,,,,,,,,,1,,,,2,,,,,"202 Route 303, Valley Cottage, New York 10989, United States",Yes,20,81,10,61,5,0,0,Yes,Yes,Yes,Yes,Yes,Yes, Dr. Linda Atkins ,latkins@VCAH.org,No,Yes,Yes,50,Yes,Yes,90,Yes,5,Yes,Yes,5,845-268-9263,Yes,Yes,35,Yes,Yes,No,No,Valley Cottage Animal Hospital,No,0,0,3,Yes,10,845-268-9263,Yes,Yes,Yes,Yes,['SMALL ANIMAL MEDICINE/SURGERY'],https://www.virmp.org/Program/Detail/9635,No,0,35000.0,0,Yes,2,2,11,21166,Yes,Yes,Yes,Yes
102,,1,,,,,,,,,,,,,,,,,1,,,,,,,,,,,,,,,,0,,,,3,,1,,,,,,1,,,,,,"1200 W. Montgomery Road, College of Veterinary Medicine, Tuskegee, Alabama 36088, United States",No,3,45,10,35,6,2,2,Yes,Yes,Yes,Yes,Yes,Yes, Ricardo Irizarry ,ririzarry@mytu.tuskegee.edu,No,Yes,Yes,0,Yes,Yes,65,Yes,10,Yes,Yes,9,334-724-4842,Yes,Yes,10,Yes,Yes,No,No,Tuskegee University,No,0,4,3,Yes,33,334-724-4161,No,Yes,Yes,Yes,['SMALL ANIMAL MEDICINE/SURGERY'],https://www.virmp.org/Program/Detail/10433,Yes,0,27000.0,0,Yes,0,0,1,9450,Yes,Yes,Yes,Yes
103,,,,,,,,,,,,1,,,,,,2,3,,,1,2,,,,,,1,,,,,,1,,,,,,1,,,,,,2,,,,,,"525 South Street, Walpole, Massachusetts 02081, United States",No,25,50,20,30,6,3,3,Yes,Yes,Yes,Yes,Yes,Yes, Joe McManus ,,Yes,Yes,Yes,40,Yes,Yes,80,Yes,20,Yes,Yes,14,(508) 850-9809,No,Yes,30,Yes,Yes,No,No,Tufts Veterinary Treatment & Specialties,No,9,11,5,Yes,10,(508) 668-5454,Yes,Yes,No,Yes,['SMALL ANIMAL MEDICINE/SURGERY'],https://www.virmp.org/Program/Detail/9910,No,11,28750.0,0,Yes,3,3,14,18000,Yes,Yes,Yes,Yes
104,,1,,,,,,,,,5,,,,1,,1,,5,,3,,6,,,,2,,2,,,,3,,2,,,,7,,6,1,,,,,4,,1,,,,"200 Westboro Road, North Grafton, Massachusetts 01536, United States",Yes,30-40,90-100,50,75-80,10-16,7,7,Yes,Yes,Yes,Yes,Yes,Yes, Sabrina Stidsen ,,Yes,Yes,Yes,22,Yes,Yes,90,Yes,15,Yes,Yes,9,508-839-7922,No,Yes,15,Yes,Yes,Yes,Yes,"Tufts University, Cummings School of Vet. Medicine",Yes,,,15,Yes,22,508-839-5395,Yes,Yes,No,No,"['SMALL ANIMAL MEDICINE/SURGERY', 'SMALL ANIMAL INTERNAL MEDICINE']",https://www.virmp.org/Program/Detail/9820,No,17,26548.0,5,Yes,1,2,18,34724,Yes,Yes,Yes,Yes
105,,4,,,,,,,,,4,,1,,,,2,,2,,3,1,5,4,,,4,,2,1,,,,,2,,,,,,5,1,,1,2,,6,1,1,,1,,"VSCS, 4474 TAMU, College Station, Texas 77843-4474, United States",Yes,20,86,17,68,8,8,8,Yes,Yes,Yes,Yes,No,Yes, Janice Couts ,jcouts@cvm.tamu.edu,Yes,Yes,Yes,17,Yes,Yes,85,Yes,12,Yes,Yes,47,979-845-6978,No,Yes,0,Yes,Yes,Yes,Yes,Texas A&M University,Yes,21,27,8,Yes,17,979-845-9053,Yes,Yes,Yes,Yes,['SMALL ANIMAL MEDICINE/SURGERY'],https://www.virmp.org/Program/Detail/9837,No,25,26147.0,0,Yes,2,3,36,21426,Yes,Yes,Yes,Yes
106,,2,,,,,,,1,,3,,1,,3,,2,,2,,1,,6,,,,2,,3,,,,1,,3,,1,,7,,3,1,,,2,,6,,2,,0,,"2407 River Drive, C247 Veterinary Medical Center, Knoxville, Tennessee 37996, United States",Yes,8,45,26,37,3,6,6,Yes,Yes,Yes,Yes,Yes,Yes," Ralph C Harvey, DVM, MS DACVAA ",vcoy@utk.edu,Yes,Yes,Yes,15,Yes,Yes,80,Yes,4,Yes,Yes,35,865-974-5554,No,Yes,5,Yes,Yes,Yes,Yes,University of Tennessee,Yes,,,6,No,13,865-974-5503,Yes,Yes,Yes,Yes,['SMALL ANIMAL MEDICINE/SURGERY'],https://www.virmp.org/Program/Detail/10381,No,24,25000.0,0,Yes,1,2,45,16601,Yes,Yes,Yes,Yes
107,,,,,,,,,,,,,,,,,,,2,,1,,2,,,,3,,3,,,,,,1,,,,,,,,,,,,4,1,,,,,"1371 Reynolds Avenue, Irvine, California 92614, United States",Yes,14,68,44,18,16,7,7,Yes,Yes,Yes,Yes,Yes,Yes," Adam Gassel, DVM, DACVS ",agassel@scvsh.com,Yes,Yes,Yes,10,Yes,Yes,100,Yes,0,Yes,Yes,18,949-833-7530,Yes,Yes,10,Yes,Yes,Yes,Yes,Southern California Veterinary Specialty Hospital,No,12,15,8,Yes,10,949-833-9020,Yes,Yes,No,Yes,['SMALL ANIMAL MEDICINE/SURGERY'],https://www.virmp.org/Program/Detail/9734,No,0,47500.0,0,Yes,4,6,29,27000,Yes,Yes,Yes,Yes
108,,,,,,,,,,,,1,,,,,,,,,,,1,,,,,,1,,,,,,2,,,,,,,1,,,,,,2,,,,2,"141 E Fort Lowell Road, Tucson, Arizona 85705, United States",Yes,25-35,74,14,66,3-5,4,4,Yes,Yes,Yes,Yes,Yes,Yes, Brisa Hsieh ,bhsieh@southernazvets.com,Yes,Yes,Yes,30,Yes,Yes,80,Yes,5,Yes,Yes,13,520-408-0900,Yes,Yes,30,Yes,Yes,Yes,No,Southern Arizona Veterinary Specialty and Emergency Center,Yes,6,10,8,Yes,5,520-888-3177,No,Yes,No,Yes,"['EMERGENCY MEDICINE/CRITICAL CARE', 'SMALL ANIMAL MEDICINE/SURGERY']",https://www.virmp.org/Program/Detail/10172,No,0,36000.0,25,Yes,3,2,26,27000,Yes,Yes,Yes,Yes
109,,1,,,,,,,,,,1,,,,,1,,1,2,,1,1,2,,,1,,1,,,,,,1,,,,,,,,,,,,1,1,,,1,,"7140-12th Street SE, Calgary, Alberta T2H 2Y4, Canada",Yes,15-20,40-50,10-20,25-30,5-10,3,3,Yes,Yes,Yes,Yes,No,Yes," David Eisenbart, DVM ",dje460@mail.usask.ca,Yes,Yes,Yes,40,Yes,Yes,90,Yes,15,Yes,Yes,20,403-692-4350,Yes,Yes,4,Yes,Yes,No,Yes,VCA Canada Calgary Animal Referral and Emergency (C.A.R.E.) Centre,No,4,4,4,Yes,3,403-520-8387,No,Yes,Yes,Yes,['SMALL ANIMAL MEDICINE/SURGERY'],https://www.virmp.org/Program/Detail/9988,Yes,0,37000.0,8,Yes,3,1,0,15000,Yes,Yes,Yes,Yes
110,,,,,,,,,,,1,,,,,,,2,,,,,2,,,,,,,,,,,,1,,,,,,,,,,,,2,1,,,,,"510 Harry Walker Parkway South, Newmarket, Ontario L3Y0B3, Canada",Yes,12,32,12,25,3-4,3,3,Yes,Yes,Yes,Yes,Yes,Yes, Dr. Bronwyn Rutland ,bronwyn.rutland2@vca.com,Yes,Yes,Yes,25,Yes,Yes,95,Yes,6,Yes,Yes,12,(905)953-8845,Yes,Yes,2,Yes,Yes,Yes,No,VCA Canada 404 Veterinary Emergency and Referral Hospital,No,4,6,4,Yes,5,(905)953-1933,Yes,Yes,No,Yes,['SMALL ANIMAL MEDICINE/SURGERY'],https://www.virmp.org/Program/Detail/9964,No,0,34000.0,0,Yes,2,2,15,12000,Yes,Yes,Yes,Yes
111,,,,,,,,,,,,,,,,,,1,3,,1,,3,,,,1,1,1,1,,,,,1,,,,,,1,1,,,,,2,,,,,,"2600 West Galena Blvd., Aurora, Illinois 60506, United States",Yes,25,90,7,83,9,8,9,Yes,Yes,Yes,Yes,Yes,Yes, Dr. Sheila McCullough ,sheila.mccullough@vcahospitals.com,Yes,Yes,Yes,13,Yes,Yes,90,Yes,17,Yes,Yes,23,630-896-8594,Yes,Yes,51,Yes,Yes,Yes,Yes,VCA Aurora Animal Hospital,Yes,22,25,8,Yes,25,630-896-8541,No,Yes,No,Yes,['SMALL ANIMAL MEDICINE/SURGERY'],https://www.virmp.org/Program/Detail/10010,No,0,40000.0,0,Yes,2,2,32,33000,Yes,Yes,Yes,Yes
112,,,,,,,,,,,,,,,,,1,,1,,,,2,,,,1,,1,,,,,,,,,,,,,,,,,,2,1,,,,,"2551 Warrenville Rd, Downers Grove, Illinois 60515, United States",Yes,20,80,8-15,65,5,3,3,Yes,Yes,Yes,Yes,Yes,Yes," Kathleen Van Lanen, DVM, DACVECC ",kathleen.vanlanen@vca.com,Yes,Yes,Yes,27,Yes,Yes,100,Yes,3,Yes,Yes,22,630-963-0537,Yes,Yes,50,Yes,Yes,Yes,Yes,VCA Arboretum View Animal Hospital,Yes,4,5,4,Yes,6,630-963-0424,Yes,Yes,Yes,Yes,['SMALL ANIMAL MEDICINE/SURGERY'],https://www.virmp.org/Program/Detail/10330,No,0,40000.0,3,Yes,3,1,25,30000,Yes,Yes,Yes,Yes
113,,,,,,,,,,,,,,,,,,,,,,,2,,,,1,,1,,,,,,2,,,,,,,,,1,,,1,,,,,,"5610 Kearny Mesa Road, Suite B, San Diego, California 92111, United States",Yes,10,45,10,25,3-4,3,3,Yes,Yes,Yes,Yes,Yes,Yes, Gregory M. Jackson ,gregory.jackson@vca.com,Yes,Yes,Yes,30,Yes,Yes,95,Yes,5,Yes,Yes,15,858-560-0206,Yes,Yes,40,Yes,Yes,Yes,Yes,"VCA Animal Specialty Group, San Diego",Yes,0,0,3,Yes,10,858-560-8006,Yes,Yes,Yes,Yes,['SMALL ANIMAL MEDICINE/SURGERY'],https://www.virmp.org/Program/Detail/10347,No,0,47840.0,0,Yes,1,1,18,13500,Yes,Yes,Yes,Yes
114,,,,,,,,,,,,,,,,,,,1,,,1,3,,,,2,,,1,,,,,,,,,,,,,1,1,,,4,,,,,,"4641 Colorado Blvd, Los Angeles, California 90039, United States",Yes,9-20,55,15-20,20-30,4-8/,7,7,Yes,Yes,Yes,Yes,Yes,Yes, Mr. Steven Katz ,asgvets@asgvets.com,Yes,Yes,Yes,15,Yes,Yes,95,Yes,0,Yes,Yes,15,818-507-9418,No,Yes,15,Yes,Yes,Yes,Yes,"VCA Animal Specialty Group, Los Angeles",No,7,12,9,Yes,15,818-244-7977,Yes,No,No,Yes,"['EMERGENCY MEDICINE/CRITICAL CARE', 'SMALL ANIMAL MEDICINE/SURGERY', 'SMALL ANIMAL SURGERY', 'ONCOLOGY', 'NEUROLOGY', 'SMALL ANIMAL INTERNAL MEDICINE']",https://www.virmp.org/Program/Detail/10130,No,3,45760.0,0,Yes,1,2,26,15000,Yes,Yes,Yes,Yes
115,,1,,,,,,,,,,,,,,,,,2,,2,,2,,,,,,1,,,,,,,,,,,,2,,,,,,6,,,,,,"1535 South Sepulveda Blvd., Los Angeles, California 90025, United States",Yes,15-20,45-60,12-15,30-35,4-7,7,7,Yes,Yes,Yes,Yes,Yes,Yes," Joan Dolance, DVM ",joan.dolance@vca.com,Yes,Yes,Yes,17,Yes,Yes,95,Yes,8,Yes,Yes,20,310-479-8976,No,Yes,45,Yes,Yes,Yes,Yes,VCA Animal Specialty & Emergency Center,Yes,6,8,7,Yes,17,310-473-5906,Yes,Yes,No,No,['SMALL ANIMAL MEDICINE/SURGERY'],https://www.virmp.org/Program/Detail/9678,No,1,45760.0,0,Yes,2,2,15,12000,Yes,Yes,Yes,Yes
116,,,,,,,,,,,,,,1,,,,,1,,,1,2,,,,,,,,,,1,,,,,,,,,,,,,,2,,,,,,"1648 N. Country Club Dr., Mesa, Arizona 85201, United States",Yes,20-25,32,8-12,20,8-10,6,6,Yes,Yes,Yes,Yes,Yes,Yes," Jessica Markovich, DVM, DACVIM (SAIM), DACVN ",stephani.rhodes@vca.com,Yes,Yes,Yes,14,Yes,Yes,80,No,6,Yes,Yes,12,480-898-3111,Yes,Yes,13,Yes,Yes,Yes,Yes,VCA Animal Referral & Emergency Center of Arizona,No,11,14,8,Yes,17,480-898-0001,No,Yes,Yes,Yes,['SMALL ANIMAL MEDICINE/SURGERY'],https://www.virmp.org/Program/Detail/10048,No,0,40000.0,15,Yes,1,1,15,12000,Yes,Yes,Yes,Yes
117,,,,,,,,,,,,,,,,,,,,,,,,,,,,,,,,,,,,,,,,,,,,,,,,,,,,,"2660 Duke Street, Alexandria, Virginia 22306, United States",Yes,25-35,95-110,10-15,80-90,2-4,0,0,Yes,Yes,Yes,Yes,No,Yes," Rena Allen, DVM ",rena.allen@vca.com,Yes,Yes,No,0,Yes,Yes,75,Yes,10,Yes,Yes,23,703-751-8049,Yes,Yes,95,Yes,Yes,Yes,Yes,VCA Alexandria Animal Hospital,Yes,0,0,4,Yes,45,703-751-2022,Yes,Yes,Yes,Yes,"['EMERGENCY MEDICINE/CRITICAL CARE', 'SMALL ANIMAL MEDICINE/SURGERY', 'COMMUNITY PRACTICE']",https://www.virmp.org/Program/Detail/9776,No,0,40000.0,0,Yes,1,1,9,36000-40000,Yes,Yes,Yes,Yes
118,,1,,,,,,,,,,,,,,,1,,1,,,1,4,,,,1,,,,,,,,,,,,,,2,,,,,,2,,,,,,"595 Columbian Street, South Weymouth, Massachusetts 02190, United States",Yes,32,90,20,70,12,8,8,Yes,Yes,Yes,Yes,Yes,Yes," Angelyn Cornetta, DVM ",angelyndvm@aol.com,Yes,Yes,Yes,19,Yes,Yes,92,Yes,57,Yes,Yes,28,781-337-0069,No,Yes,8,Yes,Yes,Yes,Yes,VCA South Shore Animal Hospital,Yes,13,19,8,Yes,16,781-337-6622,Yes,Yes,Yes,No,['SMALL ANIMAL MEDICINE/SURGERY'],https://www.virmp.org/Program/Detail/10390,No,0,40000.0,0,Yes,2,2,30,32900,Yes,Yes,Yes,Yes
119,,,,,,,,,,,,,,,,,,2,2,,,1,3,,,,1,,,,,,,,,,,,,,,,,,,,2,1,,,,,"895 Bridgeport Ave, Shelton, Connecticut 06484, United States",Yes,30,75,30,60,10,11,11,Yes,Yes,Yes,Yes,Yes,Yes, Jocelyn McCoy ,jocelyn.mccoy@vca.com,Yes,Yes,Yes,35,Yes,Yes,90,Yes,0,Yes,Yes,19,203-929-8601,No,Yes,45,Yes,Yes,Yes,Yes,VCA Shoreline & VCA Norwalk Veterinary Referral and Emergency Centers,No,25,30,13,Yes,10,203-929-8600,No,Yes,No,Yes,['SMALL ANIMAL MEDICINE/SURGERY'],https://www.virmp.org/Program/Detail/9965,No,0,42000.0,10,Yes,3,1,14,25000,Yes,Yes,Yes,Yes
120,,1,,,,,,,,,1,,,,,,,1,,,1,1,3,,,,2,,1,1,,,1,,,,,,,,,,,1,,,2,,,,2,,"600 Alabama St, San Francisco, California 94110, United States",Yes,20,60,12,50,5,8,8,Yes,Yes,Yes,Yes,Yes,Yes," Jason Kidd, DVM, DACVIM ",jason.kidd@vca.com,Yes,Yes,Yes,20,Yes,Yes,90,Yes,5,Yes,Yes,20,415-401-9201,Yes,Yes,20,Yes,No,Yes,Yes,VCA San Francisco Veterinary Specialists,No,2,9,9,Yes,5,415-401-9200,No,Yes,No,Yes,['SMALL ANIMAL MEDICINE/SURGERY'],https://www.virmp.org/Program/Detail/10340,No,0,45760.0,0,Yes,3,0,25,22000,Yes,Yes,Yes,Yes
121,,,,,,,,,,,,,,,,,,1,2,,,1,2,,,,1,,1,,,,,,,1,,,,,1,,,4,,,1,,,,,,"9801 Old Winery Place, Sacramento, California 95827, United States",Yes,20,50,20,32,8,8,8,Yes,Yes,Yes,Yes,Yes,Yes," Chris Wong, DVM, DACVECC ",chris.wong@vca.com,Yes,Yes,Yes,5,Yes,Yes,90,Yes,2,Yes,Yes,18,916-362-0190,Yes,Yes,30,Yes,Yes,Yes,Yes,VCA Sacramento Veterinary Referral Center,Yes,5,5,7,Yes,25,916-362-3111,Yes,Yes,Yes,Yes,['SMALL ANIMAL MEDICINE/SURGERY'],https://www.virmp.org/Program/Detail/9934,No,0,45760.0,4,Yes,1,1,24,18250,Yes,Yes,Yes,Yes
122,,,,,,,,,,,,,,,,,,,,,,,3,,,,,,1,,,,,,,,,,,,,,,,,,4,,,,,,"2425 Mendocino Avenue, Santa Rosa, California 95404, United States",Yes,28,69,20,45,8,6,6,Yes,Yes,Yes,Yes,Yes,Yes, Kelly Carlsten ,kelly.carlsten@vca.com,Yes,Yes,Yes,10,Yes,Yes,80,Yes,5,Yes,Yes,18,707-579-9512,Yes,Yes,10,Yes,Yes,Yes,No,VCA PetCare Veterinary Hospital,No,,,6,Yes,25,707-579-3900,No,Yes,Yes,Yes,['SMALL ANIMAL MEDICINE/SURGERY'],https://www.virmp.org/Program/Detail/10088,No,0,45760.0,0,Yes,3,2,26,24559,Yes,Yes,Yes,Yes
123,,,,,,,,,,,1,,,,,,1,,4,,1,,3,,,,3,,1,,,,,,3,,,,,,2,1,,,1,,4,,,,,,"16756 SE 82nd Drive , Clackamas , Oregon 97015, United States",Yes,44,95,45,75,10,3,3,Yes,Yes,Yes,Yes,Yes,Yes," Heidi Houchen, DVM  ",heidi.houchen@vca.com,Yes,Yes,Yes,19,Yes,Yes,100,Yes,14,Yes,Yes,43,503-557-8672,Yes,Yes,5,Yes,Yes,Yes,Yes,VCA Northwest Veterinary Specialists ,Yes,3,3,6,Yes,19,503-656-3999,Yes,Yes,Yes,Yes,['SMALL ANIMAL MEDICINE/SURGERY'],https://www.virmp.org/Program/Detail/9884,No,0,40000.0,0,Yes,5,5,60,35000,Yes,Yes,Yes,Yes
124,,,,,,,,,,,,,,1,,,,,1,,,2,1,,,,,,,1,,,,,,,,,,,,,,4,,,3,,,,,,"3901 Sierra College Blvd, Loomis, California 95650, United States",Yes,20,180,20,125,15,3,3,Yes,Yes,Yes,Yes,Yes,Yes, Michelle Ritchie ,,Yes,Yes,No,10,Yes,Yes,30,Yes,5,Yes,Yes,33,916-652-8863,Yes,Yes,55,Yes,Yes,Yes,No,VCA Loomis Basin Veterinary Clinic ,No,1,2,4,Yes,15,916-652-5816,Yes,Yes,Yes,Yes,['SMALL ANIMAL MEDICINE/SURGERY'],https://www.virmp.org/Program/Detail/9970,No,0,45760.0,0,Yes,2,2,30,65000,Yes,Yes,Yes,Yes
125,,2,,,,,,,,,,,,,,,1,,,1,1,,,1,,,,,,,,,,,,1,,,,,,,,,,,2,,,,,,"2864 Hollywood Blvd., Hollywood, Florida 33020, United States",Yes,14,110,40,70,15,6,7,Yes,Yes,Yes,Yes,Yes,Yes, Dr Randi Fishkin ,Randi.Fishkin@vca.com,Yes,Yes,No,45,Yes,Yes,50,Yes,10,Yes,Yes,19,954-920-4716,Yes,Yes,45,Yes,Yes,Yes,No,VCA Hollywood Animal Hospital,No,8,9,8,Yes,20,954-920-3556,Yes,Yes,Yes,Yes,['SMALL ANIMAL MEDICINE/SURGERY'],https://www.virmp.org/Program/Detail/10290,No,0,45000.0,0,Yes,0,3,3,35000,Yes,Yes,Yes,Yes
126,1,,,,,,,,,,,,,,,,,,1,,3,,1,,,,,,,,,,,,,2,,,,,1,,,1,,,2,,,,,,"2317 Hotel Circle South, San Diego, California 92108, United States",Yes,30,40,10,30,4,9,9,Yes,Yes,Yes,Yes,Yes,Yes, Dr. Michele Chin  ,michele.chin@vca.com,Yes,Yes,Yes,20,Yes,Yes,100,Yes,8,Yes,Yes,15,619-299-9068,Yes,Yes,50,Yes,Yes,Yes,Yes,VCA Emergency Animal Hospital & Referral Center,Yes,14,14,7,Yes,20,619-299-2400,Yes,Yes,Yes,Yes,"['AVIAN', 'EMERGENCY MEDICINE/CRITICAL CARE', 'EXOTIC/WILDLIFE/ZOO', 'SMALL ANIMAL MEDICINE/SURGERY', 'SMALL ANIMAL SURGERY', 'CARDIOLOGY', 'SMALL ANIMAL INTERNAL MEDICINE']",https://www.virmp.org/Program/Detail/10333,No,1,43680.0,0,Yes,3,1,17,14285,Yes,Yes,Yes,Yes
127,,,,,,,,,,,,1,,,,,,,2,2,,1,2,2,,,,1,,2,,,,1,1,,,,,,1,,2,1,,,2,2,,,,1,"1802 10th Ave. SW, Calgary, Alberta T3C 0J8, Canada",Yes,14,27,14,13,2,3,3,Yes,Yes,Yes,Yes,Yes,Yes," Jenefer Stillion, DVM, DACVECC ",jenefer.stillion2@vca.com,Yes,Yes,Yes,30,Yes,Yes,90,Yes,15,Yes,Yes,23,(403)770-1344,Yes,Yes,15,Yes,Yes,Yes,Yes,VCA Canada Western Veterinary Specialist and Emergency Centre,Yes,7,9,3,Yes,0,(403)770-1340,Yes,Yes,No,Yes,['SMALL ANIMAL MEDICINE/SURGERY'],https://www.virmp.org/Program/Detail/10372,No,0,37000.0,0,Yes,2,2,22,10000,Yes,Yes,Yes,Yes
128,,,,,,,,,,,1,1,,,,,2,,2,,1,,2,,,,2,,1,,,,,,,1,,,,,,,,,,,2,,,,,,"920 Yonge Street, Suite 117, Toronto, Ontario M4W 3C7, Canada",Yes,20,40,40,35,9,7,7,Yes,Yes,Yes,Yes,Yes,Yes, Judy Brown ,judybrown.dvm@gmail.com,Yes,Yes,Yes,14,Yes,Yes,100,Yes,3,Yes,Yes,15,416-920-6185,No,Yes,0,Yes,Yes,No,Yes,Veterinary Emergency Clinic/ Referral Centre,Yes,14,21,8,No,14,416-920-2002,Yes,Yes,No,Yes,['SMALL ANIMAL MEDICINE/SURGERY'],https://www.virmp.org/Program/Detail/10087,Yes,0,30000.0,0,Yes,5,2,30,15000,Yes,Yes,Yes,Yes
129,,,,,,,,,,,,,,,,,,1,2,,,,1,,,,,,,,,,,,,,,,,,,,,,,,1,,,,,,"4000 Montgomery Blvd NE, Albuquerque, New Mexico 87109, United States",Yes,20,30,12,18,5-6,0,0,Yes,Yes,Yes,Yes,Yes,Yes, Clare Hyatt ,chyatt@vescnm.com,Yes,Yes,Yes,23,Yes,Yes,75,Yes,3,Yes,Yes,10,505-884-6679,Yes,Yes,0,Yes,Yes,Yes,Yes,Veterinary Emergency and Specialty Center of New Mexico,No,0,0,3,Yes,7,505-884-3433,Yes,Yes,Yes,Yes,['SMALL ANIMAL MEDICINE/SURGERY'],https://www.virmp.org/Program/Detail/9685,No,0,32000.0,7,Yes,2,1,5,10000,Yes,Yes,Yes,Yes
130,,,,,,,,,,,,,,,,,1,,1,,,,2,,,,,,1,,,,,,,,,,,,,,,,,,2,,,,1,,"3312 West Cary St, Richmond, Virginia 23221, United States",No,20-25,30-35,10-30,20-35,3-4,2,3,Yes,Yes,Yes,Yes,Yes,Yes, Andrea Bulifant ,a.bulifant@animal-emergency.com,Yes,Yes,Yes,66,Yes,Yes,75,Yes,16,Yes,Yes,21,804-353-9271,No,Yes,90,Yes,Yes,No,No,Veterinary Emergency and Specialty Center,No,,,4,Yes,33,804-353-9000,No,Yes,Yes,No,['SMALL ANIMAL MEDICINE/SURGERY'],https://www.virmp.org/Program/Detail/9730,No,0,30000.0,10,No,1,1,15,12180,Yes,Yes,Yes,Yes
131,,,,,,,,,,,,,,,,,,1,2,,1,,7,,,,1,1,1,,,,,,1,1,,,,,,,1,1,,,3,1,,,,,"196 4th Ave, Brooklyn, New York 11217, United States",Yes,30-40,90-110,30-45,40-50,8-12,13,13,Yes,Yes,Yes,Yes,Yes,Yes, Brett Levitzke DVM ,blevitzke@verg-brooklyn.com,Yes,Yes,Yes,35,Yes,Yes,100,Yes,5,Yes,Yes,20,718-522-9755,No,Yes,0,Yes,Yes,Yes,Yes,Veterinary Emergency and Referral Group,Yes,7,11,17,Yes,0,718-522-9400,Yes,Yes,Yes,Yes,['SMALL ANIMAL MEDICINE/SURGERY'],https://www.virmp.org/Program/Detail/10342,No,0,38000.0,10,Yes,5,2,12,35000,Yes,Yes,Yes,Yes
132,,,,,,,,,,,1,,,,,,,,2,,,1,1,,,,,,1,1,,,,,,,,,,,,,,,,,2,,,,,,"1612 N High Point Rd, Middleton, Wisconsin 53562, United States",Yes,46,60,15,45,2-5,1,1,Yes,Yes,Yes,Yes,Yes,Yes, Kai-Biu Shiu ,kshiu@vesvsc.com,Yes,Yes,Yes,40,Yes,Yes,80,Yes,36,Yes,Yes,5,608-831-1181,Yes,Yes,0,Yes,Yes,Yes,No,VESVSC Wisconsin,No,0,1,4,Yes,20,608-831-1101,No,Yes,Yes,Yes,['SMALL ANIMAL MEDICINE/SURGERY'],https://www.virmp.org/Program/Detail/9731,No,1,35000.0,30,Yes,5,3,40,22072,Yes,Yes,Yes,Yes
133,,,,,,,,,,,,,1,,,,,,4,,2,1,3,1,,,2,,2,,,,,,2,,,,,,1,1,,,,,4,,,,,,"1900 South Sepulveda Blvd., Los Angeles, California 90025, United States",Yes,20,110,30,80,8,15,15,Yes,Yes,Yes,Yes,Yes,Yes," Sean Yoshimoto, DVM, DACVIM ",sean.yoshimoto@vca.com,Yes,Yes,Yes,10,Yes,Yes,50,Yes,25,Yes,Yes,25,310-979-5400,Yes,Yes,42,Yes,Yes,Yes,Yes,VCA West Los Angeles Animal Hospital,Yes,30,36,12,Yes,25,310-473-2951,Yes,Yes,Yes,Yes,['SMALL ANIMAL MEDICINE/SURGERY'],https://www.virmp.org/Program/Detail/10053,No,9,45760.0,0,Yes,2,2,25,40000,Yes,Yes,Yes,Yes
134,,,,,,,,,,,,,,,,,,,1,,,,1,,,,1,,1,,,,,,,,,,,,,,,,,,2,1,,,,,"609-5 Cantiague Rock Rd, Westbury, New York 11590, United States",Yes,15,40,20,30,6,5,5,Yes,Yes,Yes,Yes,Yes,Yes, Dr. Carrie Santare ,carrie.santare@vca.com,Yes,Yes,Yes,30,Yes,Yes,99,Yes,20,Yes,Yes,11,516-420-0122,Yes,Yes,40,Yes,Yes,Yes,Yes,VCA Veterinary Referral and Emergency Center of Westbury ,Yes,,,6,Yes,10,516-420-0000,No,Yes,Yes,Yes,['SMALL ANIMAL MEDICINE/SURGERY'],https://www.virmp.org/Program/Detail/10127,No,0,42000.0,10,Yes,2,2,20,20000,Yes,Yes,Yes,Yes
135,,,,,,,,,,,,,,,,,,1,1,,,,2,,,,,2,2,,,,,,1,1,,,,,,,,,,,2,,,,,,"9901 Montgomery Blvd. NE, Albuquerque, New Mexico 87111, United States",Yes,40,100,20,80,10,8,8,Yes,Yes,Yes,Yes,Yes,Yes, Diane Schrempp ,Diane.Schrempp@vca.com,Yes,Yes,Yes,17,Yes,Yes,90,Yes,10,Yes,Yes,17,866-822-2573,Yes,Yes,2,Yes,Yes,Yes,Yes,VCA Veterinary Care Animal Hospital and Referral Center,Yes,18,27,8,Yes,17,505-296-2982,Yes,Yes,Yes,Yes,['SMALL ANIMAL MEDICINE/SURGERY'],https://www.virmp.org/Program/Detail/10117,No,0,40000.0,5,Yes,3,3,20,35000,Yes,Yes,Yes,Yes
136,,1,,,,,,,,,,,,,,,,,,,,1,,,,,,,,,,,,,,,,,,,,,,,,,,1,,,,,"4984 E. 22nd St., Tucson, Arizona 85711, United States",Yes,20,75,20,60,15,3,3,Yes,Yes,Yes,Yes,Yes,Yes," Lindsay McCrady, DVM ",Lindsay.McCrady@VCA.com,No,Yes,No,15,Yes,Yes,90,Yes,5,Yes,Yes,9,520-748-0897,Yes,Yes,30,Yes,Yes,Yes,No,VCA Valley Animal Hospital and Emergency Center,No,3,5,4,Yes,50,520-748-0331,Yes,Yes,Yes,Yes,"['AVIAN', 'EMERGENCY MEDICINE/CRITICAL CARE', 'EXOTIC/WILDLIFE/ZOO', 'SMALL ANIMAL MEDICINE/SURGERY', 'COMMUNITY PRACTICE']",https://www.virmp.org/Program/Detail/10049,No,0,40000.0,0,Yes,2,2,8,28000,Yes,Yes,Yes,Yes
137,,,,,,,,,,,,,,,,,1,,1,1,1,2,1,,,,2,,3,1,,,,,1,,,,,,3,,,1,,,3,,,,,,"8500 Arlington Blvd, Fairfax, Virginia 22031, United States",Yes,30,100,30,60,12,6,6,Yes,Yes,Yes,Yes,Yes,Yes, Heather Hoch and Susan Blades ,vcasouthpawsinternship@vca.com,Yes,Yes,Yes,15,Yes,Yes,85,Yes,4,Yes,Yes,24,703-752-9200,Yes,Yes,59,Yes,Yes,Yes,Yes,VCA Southpaws Veterinary Specialists and Emergency Center,Yes,7,12,6,Yes,44,703-752-9100,Yes,Yes,No,Yes,['SMALL ANIMAL MEDICINE/SURGERY'],https://www.virmp.org/Program/Detail/10336,No,1,40000.0,4,Yes,2,2,36,32000,Yes,Yes,Yes,Yes
138,,,,,,,,,,,,,,,,,,,,1,,1,,1,,,,1,,1,,,,,,,,,,,1,,,1,,,1,1,,,,,"860 Topsail Road, Mount Pearl, Newfoundland and Labrador A1N 3J7, Canada",Yes,7-20,15-30,7-15,10-20,3-6,4,4,Yes,Yes,Yes,Yes,Yes,Yes, John MacKenzie ,jmackenzie@vscnl.ca,Yes,Yes,Yes,20,Yes,Yes,100,Yes,10,Yes,Yes,6,709-221-7883,Yes,Yes,0,Yes,Yes,Yes,No,Veterinary Specialty Centre of Newfoundland and Labrador,No,0,4,4,Yes,20,709-221-7838,No,Yes,No,Yes,"['EMERGENCY MEDICINE/CRITICAL CARE', 'SMALL ANIMAL MEDICINE/SURGERY', 'SMALL ANIMAL SURGERY', 'DIAGNOSTIC IMAGING AND RADIOLOGY']",https://www.virmp.org/Program/Detail/10182,Yes,0,35000.0,0,Yes,1,2,12,6000,Yes,Yes,Yes,Yes
139,0,0,,,,,,,0,0,0,0,0,0,0,0,0,1,3,0,0,0,2,0,,,1,0,0,0,,,0,0,1,0,,,,,1,,,1,,,3,0,0,0,1,0,"4909 N La Canada Drive , Tucson, Arizona 85704-1507, United States",Yes,20,45,20,42,7,7,7,Yes,Yes,Yes,Yes,Yes,Yes," Michelle Fulks DVM, DACVECC ",fulks.michelle@gmail.com,Yes,Yes,Yes,15,Yes,Yes,85,Yes,0,Yes,Yes,19,520-795-9960,Yes,Yes,0,Yes,Yes,Yes,Yes,Veterinary Specialty Center of Tucson,Yes,8,13,6,Yes,15,520-795-9955,Yes,Yes,No,Yes,['SMALL ANIMAL MEDICINE/SURGERY'],https://www.virmp.org/Program/Detail/10263,No,0,32320.0,0,Yes,2,2,25,17000,Yes,Yes,Yes,Yes
140,,,,,,,,,,,,,,,,,,,2,,,1,1,,,,3,,,,,,,,,,,,,,1,,,1,,,2,,,,,,"20115 44th Ave W, Lynnwood, Washington 98036, United States",Yes,30,56,25,31,6,6,6,Yes,Yes,Yes,Yes,Yes,Yes," Kimberly Krug, DVM and Alix Partnow, DVM, MS, DACVIM (Neuro) ",vscinterns@vscofseattle.com,Yes,Yes,Yes,16,Yes,Yes,100,Yes,11,Yes,Yes,26,425-697-4746,Yes,Yes,33,Yes,Yes,Yes,Yes,Veterinary Specialty Center of Seattle,No,6,7,7,Yes,16,425-697-6106,Yes,Yes,Yes,Yes,['SMALL ANIMAL MEDICINE/SURGERY'],https://www.virmp.org/Program/Detail/9878,No,1,40000.0,8,Yes,2,2,40,20000,Yes,Yes,Yes,Yes
141,1,,,,,,,,,,1,,,,,,,,1,,,1,2,1,,,,,1,,,,,,2,,,,,,,,,2,,,3,,,,,,"290 Churchman's Road, New Castle, Delaware 19720, United States",Yes,25,50,15,35,8,3,3,Yes,Yes,Yes,Yes,Yes,Yes," Dr. Jeremy Diroff, DACVIM ",jdiroff@vscdel.com,Yes,Yes,No,33,Yes,Yes,100,Yes,10,Yes,Yes,26,302-322-6883,Yes,Yes,0,Yes,Yes,Yes,No,Veterinary Specialty Center of Delaware,No,1,5,3,Yes,0,302-322-6933,Yes,Yes,Yes,Yes,['SMALL ANIMAL MEDICINE/SURGERY'],https://www.virmp.org/Program/Detail/9653,No,0,25000.0,0,Yes,4,1,30,30000,Yes,Yes,No,Yes
142,,,,,,,,,,,1,,,1,,,2,,4,,1,,5,,,,1,,1,,,,,1,,1,,,1,,2,,,1,,,6,,,,,,"1515 Busch Parkway, Buffalo Grove, Illinois 60089, United States",Yes,35,120,30,85,15,3,3,Yes,Yes,Yes,Yes,Yes,Yes," Jen Herring, DVM, MS, DACVECC ",internship@vetspecialty.com,Yes,Yes,Yes,35,Yes,Yes,100,Yes,10,Yes,Yes,42,847-808-8900,Yes,Yes,40,Yes,Yes,Yes,Yes,Veterinary Specialty Center,Yes,1,3,3,Yes,15,847-459-7535,Yes,Yes,Yes,Yes,['SMALL ANIMAL MEDICINE/SURGERY'],https://www.virmp.org/Program/Detail/10082,No,1,41500.0,0,Yes,8,8,78,41600,Yes,Yes,Yes,Yes
143,,1,,,,,,,,,,,,,,,,1,,,,,1,1,,,,1,,,,,,,,,,,,,2,,,,,,2,,,,,,"825 White Spruce Blvd., Attn: Amy Laukaitis, Rochester, New York 14623, United States",Yes,35,80-120,20-40,40-60,20-30,7,7,Yes,Yes,Yes,Yes,Yes,Yes, Amy Laukaitis ,mvavses@gmail.com,Yes,Yes,Yes,15,Yes,Yes,95,Yes,2,Yes,Yes,16,585-271-5795,Yes,Yes,10,Yes,Yes,Yes,Yes,Veterinary Specialists & Emergency Services,No,8,12,7,Yes,15,585-271-2733,No,Yes,Yes,Yes,['SMALL ANIMAL MEDICINE/SURGERY'],https://www.virmp.org/Program/Detail/10119,No,2,30000.0,0,Yes,5,2,48,30000,Yes,Yes,Yes,Yes
144,,,,,,,,,,,1,,,,,,,,1,,1,,3,,,,,1,1,,,,,,1,,,,,,1,,1,,,,2,,,,,,"500 Perry PKWY, Gaithersburg , Maryland 20878, United States",Yes,15-25,40-50,15-25,25-35,6-10,5,5,Yes,Yes,Yes,Yes,Yes,Yes," Mariana N. Crumley DVM, MS, DACVAA ",mcrumley@vravet.com,Yes,Yes,Yes,25,Yes,Yes,100,Yes,4,Yes,Yes,17,301-977-1308,Yes,Yes,0,Yes,Yes,Yes,Yes,Veterinary Referral Associates,Yes,16,20,5,Yes,6,301-926-3300,Yes,Yes,Yes,Yes,['SMALL ANIMAL MEDICINE/SURGERY'],https://www.virmp.org/Program/Detail/9932,No,0,34000.0,0,Yes,2,2,10,15000,Yes,Yes,Yes,Yes
145,,,,,,,,,,,,,,,,,1,,,,1,,3,,,,1,,1,,,,,,2,,,,,,,1,,,,,3,,,,1,,"75 Sunrise Highway, West Islip, New York 11795, United States",Yes,32,86,32,56,15,6,6,Yes,Yes,Yes,Yes,Yes,Yes," Edward Brodsky DVM, ACVIM (Oncology) ",gcarastro@vmcli.com,Yes,Yes,Yes,25,Yes,Yes,81,Yes,25,Yes,Yes,35,631-587-2006,No,Yes,50,Yes,Yes,Yes,Yes,Veterinary Medical Center of Long Island,Yes,17,20,6,Yes,25,631-587-0800,Yes,Yes,No,Yes,['SMALL ANIMAL MEDICINE/SURGERY'],https://www.virmp.org/Program/Detail/9692,No,6,35000.0,0,Yes,4,4,46,36000,Yes,Yes,Yes,Yes
146,,,,,,,,,,,,,,,,,,,2,,1,1,,1,,,,,,1,,,,,,,,,,,,,,1,,,2,,,,,,"5841 Bridge Street, Suite 200, East Syracuse , New York 13057, United States",No,27,51,16,35,5,2,2,Yes,Yes,Yes,Yes,Yes,Yes, Elise Craft ,,Yes,Yes,Yes,50,Yes,Yes,80,Yes,10,Yes,Yes,10,315-446-0920,No,Yes,3,No,Yes,Yes,No,Veterinary Medical Center of Central New York,No,2,3,4,Yes,10,315-446-7933,Yes,Yes,No,Yes,"['EMERGENCY MEDICINE/CRITICAL CARE', 'SMALL ANIMAL MEDICINE/SURGERY']",https://www.virmp.org/Program/Detail/9849,No,0,30000.0,0,Yes,2,2,17,18692,Yes,Yes,Yes,Yes
147,,1,,,,,,,,,,,,,,,,,,,,,,,,,1,,,,,,,,,,,,,,,,,,,,,,,,,,"12000 Durham St., Washington, Michigan 48095, United States",No,45,40,45,80,15,0,0,Yes,Yes,Yes,Yes,Yes,Yes, John F. Wilson ,hdortenzio-wvh@wilsonvethospital.com,No,Yes,Yes,20,Yes,Yes,50,Yes,30,Yes,Yes,10,586-752-1532,Yes,Yes,20,No,Yes,No,No,Wilson Veterinary Hospital,No,0,0,2,Yes,20,586-752-6217,Yes,Yes,Yes,Yes,"['EMERGENCY MEDICINE/CRITICAL CARE', 'SMALL ANIMAL MEDICINE/SURGERY', 'SHELTER MEDICINE', 'SMALL ANIMAL INTERNAL MEDICINE', 'SPORTS MEDICINE AND REHABILITATION', 'COMMUNITY PRACTICE']",https://www.virmp.org/Program/Detail/10275,No,0,31500.0,10,Yes,4,4,8,42000,Yes,Yes,No,Yes
148,,1,,,,,,,,,2,,,,,,1,,2,,,1,3,,,,2,,1,,,,,,1,,,,,,,,,3,1,,3,,,,,1,"10140 W 44th Ave., Wheat Ridge, Colorado 80033, United States",Yes,40,100,12,86,10,11,11,Yes,Yes,Yes,Yes,No,Yes, Dr. Gabriella Sfiligoi Intern Program Coordinator ,gsfiligoi@ethosvet.com,Yes,Yes,Yes,9,Yes,Yes,88,Yes,0,Yes,Yes,30,303-420-8360,No,Yes,27,Yes,Yes,Yes,Yes,Wheat Ridge Animal Hospital,Yes,18,22,14,Yes,9,303-424-3325,Yes,Yes,Yes,Yes,['SMALL ANIMAL MEDICINE/SURGERY'],https://www.virmp.org/Program/Detail/10281,No,0,32000.0,0,Yes,4,2,64,36000,Yes,Yes,Yes,Yes
149,1,,,,,,,,,,,,,,,,,1,2,,1,,2,1,,,,,1,1,,,,,1,1,,,2,,1,,,1,,,4,,,,1,,"5024 W. Chinden Blvd, Garden City, Idaho 83714, United States",Yes,39,80,30,44,6,4,4,Yes,Yes,Yes,Yes,Yes,Yes," John C. Chandler, DVM, MS, DACVS ",jchandler@westvet.net,Yes,Yes,Yes,20,Yes,Yes,,Yes,10,Yes,Yes,28,208-375-1606,No,Yes,40,Yes,Yes,Yes,Yes,WestVet Emergency & Specialty Center,No,6,7,5,Yes,20,208-375-1600,Yes,Yes,Yes,Yes,['SMALL ANIMAL MEDICINE/SURGERY'],https://www.virmp.org/Program/Detail/10234,No,5,35000.0,0,Yes,4,2,35,29155,Yes,Yes,Yes,Yes
150,,2,,,,,,,1,,3,,,,1,,,1,,,,,4,,,,1,,2,,,,1,,3,,,,10,,2,1,,,,,2,,,,1,,"Dept. of Small Animal Clinical Sciences, 52 Campus Drive, Saskatoon, Saskatchewan S7N 5B4, Canada",Yes,17,37,12,25,2.5,6,6,Yes,Yes,Yes,Yes,Yes,Yes," Dr. Cindy Shmon, Department Head ",sacs_virmp_inquiries@usask.ca,Yes,Yes,Yes,20,Yes,Yes,70,Yes,15,Yes,Yes,34,306-966-7174,No,Yes,40,Yes,Yes,Yes,Yes,Western College of Veterinary Medicine,Yes,,,8,Yes,20,306-966-7085,Yes,Yes,Yes,No,['SMALL ANIMAL MEDICINE/SURGERY'],https://www.virmp.org/Program/Detail/10002,No,10,27000.0,0,Yes,4,4,8,9224,Yes,Yes,Yes,Yes
151,,,,,,,,,,,,,,,,,,,,,1,,,,,,,,1,,,,,,,,,,,,,,,3,,,1,,,,,,"800 W. Jericho Turnpike, Huntington, New York 11743, United States",Yes,12,70,15,60,6,3,3,Yes,Yes,Yes,Yes,Yes,Yes," Jared Coren, DVM ",jcoren@whahzoo.com,Yes,Yes,Yes,25,Yes,Yes,100,Yes,0,Yes,Yes,14,631-367-8130,No,Yes,25,No,Yes,Yes,No,West Hills Animal Hospital & Emergency Center,No,,,4,Yes,25,631-351-6116,Yes,Yes,Yes,Yes,['SMALL ANIMAL MEDICINE/SURGERY'],https://www.virmp.org/Program/Detail/9637,No,0,40000.0,0,Yes,3,3,20,30000,Yes,Yes,Yes,No
152,,3,0,,1,,1,,2,,3,,,,3,,0,,,,3,,4,,6,,4,,2,,1,,2,,2,,2,,7,,4,,,,,,4,,,,,,"215 Duck Pond Drive, Mail Code 0442, Blacksburg, Virginia 24061, United States",Yes,3,53,7,43,11,5,5,Yes,Yes,Yes,Yes,Yes,Yes, Dr. Theresa Pancotto ,tepdvm@vt.edu,Yes,Yes,Yes,5,Yes,Yes,75,Yes,10,Yes,Yes,57,540-231-0064,No,Yes,60,Yes,Yes,Yes,Yes,Virginia-Maryland College of Veterinary Medicine,Yes,13,15,5,Yes,25,540-231-7288,Yes,Yes,Yes,Yes,['SMALL ANIMAL MEDICINE/SURGERY'],https://www.virmp.org/Program/Detail/9887,No,16,27000.0,0,Yes,2,2,41,13792,Yes,Yes,Yes,Yes
153,,,,,,,,,,,1,,,,,1,,,3,,1,,5,,,,1,,4,,,,,1,,2,,,,,3,1,,,,,6,,,,,,"6405 Tryon Rd Suite 100, Cary, North Carolina 27518, United States",Yes,20,60,20,50,6,5,5,Yes,Yes,Yes,Yes,Yes,Yes," Scott Wells, DVM, DACVECC ",scottw@vshcarolinas.com,Yes,Yes,Yes,30,Yes,Yes,95,Yes,4,Yes,Yes,35,919-854-1155,Yes,Yes,60,Yes,Yes,Yes,Yes,Veterinary Specialty Hospital of the Carolinas,No,,,6,No,30,919-233-4911,No,Yes,No,Yes,"['EMERGENCY MEDICINE/CRITICAL CARE', 'SMALL ANIMAL MEDICINE/SURGERY', 'SMALL ANIMAL SURGERY', 'SMALL ANIMAL INTERNAL MEDICINE', 'DIAGNOSTIC IMAGING AND RADIOLOGY']",https://www.virmp.org/Program/Detail/10262,No,1,32000.0,20,Yes,2,1,19,40000,Yes,Yes,Yes,Yes
154,,,,,,,,,,,,1,,,,,,1,,2,,1,2,1,,,,2,,1,,,,,,,,,1,1,1,,1,2,,,1,1,,,,1,"2055 Montiel Rd., Suite 104, San Marcos, California 92069, United States",Yes,14,31,6,28,2,4,4,Yes,Yes,Yes,Yes,No,Yes, Dr. Andi Flory ,aflory@ethosvet.com,Yes,Yes,Yes,30,Yes,Yes,90,Yes,20,Yes,Yes,16,760-466-0660,No,Yes,25,Yes,Yes,Yes,Yes,Veterinary Specialty Hospital of San Diego - North County,Yes,0,0,5,Yes,5,760-466-0600,No,Yes,No,Yes,['SMALL ANIMAL MEDICINE/SURGERY'],https://www.virmp.org/Program/Detail/10268,No,6,43680.0,2,Yes,3,2,18,11268,Yes,Yes,Yes,Yes
155,,,,,,,,,,,1,,,,,,2,,2,,,2,5,2,,,4,,2,,,,,,,,,,,,2,1,,,,,4,,,,,1,"10435 Sorrento Valley Road, San Diego, California 92121, United States",Yes,20,60,30,30,7,9,9,Yes,Yes,Yes,Yes,No,Yes, Dr. Jennifer DeBerry  ,jennifer.deberry@vshsd.com,Yes,Yes,Yes,20,Yes,Yes,90,Yes,15,Yes,Yes,23,858-875-7525,No,Yes,0,Yes,Yes,Yes,Yes,Veterinary Specialty Hospital of San Diego,Yes,21,21,7,Yes,23,858-875-7500,No,Yes,No,Yes,['SMALL ANIMAL MEDICINE/SURGERY'],https://www.virmp.org/Program/Detail/10055,No,7,43680.0,5,Yes,2,2,35,22000,Yes,Yes,Yes,Yes
156,,1,0,,0,,0,,2,,5,,0,,3,,2,,3,,2,,7,,0,,3,,5,,0,,0,,3,,0,,6,,3,3,,,,,7,,3,,2,,"2015 Linden Drive, Madison, Wisconsin 53706, United States",Yes,15,96,23,86,5,6,6,Yes,Yes,Yes,Yes,Yes,Yes, Dr. Karen Moriello ,sa.intern.match@vetmed.wisc.edu,Yes,Yes,Yes,26,Yes,Yes,80,Yes,12,Yes,Yes,64,608-263-2200,No,Yes,0,Yes,Yes,Yes,Yes,University of Wisconsin-Madison School of Veterinary Medicine,Yes,28,29,7,Yes,15,608-263-8399,Yes,Yes,No,Yes,"['SMALL ANIMAL MEDICINE/SURGERY', 'SMALL ANIMAL INTERNAL MEDICINE']",https://www.virmp.org/Program/Detail/9984,No,47,26900.0,0,Yes,2,3,30,24937,Yes,Yes,Yes,Yes
